price;cap_rate;borough_cap_rate;deep_date;yearqtr;crfn;BIN;boro;block tax;lot tax;boroblocklot;hnum_lo;hnum_hi;str_name;Census Tract;Council District;NTA;Postcode;Community Board;borough;Latitude;Longitude
45000000;0.018;0.034;06/21/2018;2018Q2;2.02E+12;1008855;1;551;16;1005510016;27;28;WASHINGTON SQUARE N;63;1;West Village;10011;102;MN;40.732023;-73.998196
16250000;0.016;0.05;06/02/2022;2022Q2;2.02E+12;1009597;1;575;75;1005750075;51;51;WEST 11 STREET;63;3;West Village;10011;102;MN;40.734729;-73.99668
9613000;0.039;0.05;04/07/2022;2022Q2;2.02E+12;1077747;1;495;31;1004950031;239;239;MULBERRY STREET;43;1;SoHo-TriBeCa-Civic Center-Little Italy;10012;102;MN;40.722778;-73.995949
11200000;0.047;0.055;10/28/2021;2021Q4;2.02E+12;1008632;1;537;6;1005370006;218;220;THOMPSON STREET;65;1;West Village;10012;102;MN;40.729075;-73.999112
17000000;0.032;0.05;06/01/2022;2022Q2;2.02E+12;1008704;1;540;23;1005400023;100;100;WEST 3 STREET;65;1;West Village;10012;102;MN;40.730142;-73.999553
8500000;0.014;0.033;12/18/2018;2018Q4;2.02E+12;1079542;1;206;4;1002060004;119;119;BAXTER STREET;41;1;SoHo-TriBeCa-Civic Center-Little Italy;10013;102;MN;40.718065;-73.998975
22600000;0.026;0.033;09/14/2018;2018Q3;2.02E+12;1003114;1;238;40;1002380040;173;175;HESTER STREET;41;1;SoHo-TriBeCa-Civic Center-Little Italy;10013;102;MN;40.71781;-73.996908
9000000;0.014;0.035;04/05/2019;2019Q2;2.02E+12;1002642;1;205;23;1002050023;111;111;MOTT STREET;41;1;SoHo-TriBeCa-Civic Center-Little Italy;10013;102;MN;40.717516;-73.997338
8525000;0.029;0.05;03/03/2022;2022Q1;2.02E+12;1076926;1;589;11;1005890011;32;32;CORNELIA STREET;67;3;West Village;10014;102;MN;40.73138;-74.002241
5725000;0.028;0.033;12/18/2018;2018Q4;2.02E+12;1003403;1;280;6;1002800006;33;33;HENRY STREET;8;1;Chinatown;10002;103;MN;40.712905;-73.995946
12000000;0.016;0.034;04/25/2018;2018Q2;2.02E+12;1003329;1;277;2;1002770002;77;79;MADISON STREET;8;1;Chinatown;10002;103;MN;40.712142;-73.996259
8500000;0.019;0.033;12/18/2018;2018Q4;2.02E+12;1003311;1;276;34;1002760034;110;110;MADISON STREET;8;1;Chinatown;10002;103;MN;40.71223;-73.995138
7875000;0.032;0.062;04/14/2020;2020Q2;2.02E+12;1003268;1;274;13;1002740013;73;73;MONROE STREET;8;1;Chinatown;10002;103;MN;40.711744;-73.992678
6400000;0.054;0.062;04/08/2020;2020Q2;2.02E+12;1004051;1;310;40;1003100040;61;63;HESTER STREET;16;1;Chinatown;10002;103;MN;40.715751;-73.990379
4800000;0.03;0.05;03/03/2022;2022Q1;2.02E+12;1003971;1;306;35;1003060035;107;109;HESTER STREET;16;1;Chinatown;10002;103;MN;40.716525;-73.992948
7100000;0.028;0.034;05/09/2018;2018Q2;2.02E+12;1004021;1;310;3;1003100003;38;38;LUDLOW STREET;16;1;Chinatown;10002;103;MN;40.71605;-73.990415
4070000;0.05;0.055;07/07/2021;2021Q3;2.02E+12;1005491;1;415;31;1004150031;129;129;ALLEN STREET;18;1;Chinatown;10002;103;MN;40.719967;-73.989985
22500000;0.017;0.035;06/11/2019;2019Q2;2.02E+12;1005275;1;408;11;1004080011;249;251;BROOME STREET;18;1;Chinatown;10002;103;MN;40.717991;-73.98982
3430000;0.046;0.05;01/13/2022;2022Q1;2.02E+12;1003232;1;271;44;1002710044;221;221;MADISON STREET;6;1;Lower East Side;10002;103;MN;40.712735;-73.989013
9250000;0.013;0.035;05/29/2019;2019Q2;2.02E+12;1004304;1;353;60;1003530060;137;137;RIVINGTON STREET;1402;1;Lower East Side;10002;103;MN;40.71947;-73.986374
4000000;0.051;0.061;07/20/2020;2020Q3;2.02E+12;1006581;1;460;19;1004600019;216;216;EAST 5 STREET;38;2;East Village;10003;103;MN;40.727452;-73.990609
8159083;0.041;0.056;04/23/2021;2021Q2;2.02E+12;1006636;1;461;45;1004610045;223;223;EAST 5 STREET;38;2;East Village;10003;103;MN;40.727427;-73.990504
9371919;0.027;0.056;04/23/2021;2021Q2;2.02E+12;1006620;1;461;22;1004610022;228;228;EAST 6 STREET;38;2;East Village;10003;103;MN;40.727773;-73.98945
10055518;0.026;0.056;04/23/2021;2021Q2;2.02E+12;1006274;1;448;17;1004480017;66;66;EAST 7 STREET;38;2;East Village;10003;103;MN;40.727504;-73.987019
8379598;0.035;0.056;04/23/2021;2021Q2;2.02E+12;1006372;1;450;21;1004500021;334;334;EAST 9 STREET;38;2;East Village;10003;103;MN;40.728783;-73.986315
10700000;0.041;0.047;10/22/2019;2019Q4;2.02E+12;1006670;1;463;20;1004630020;22;22;ST MARKS PLACE;38;2;East Village;10003;103;MN;40.729008;-73.988653
12916930;0.034;0.056;04/23/2021;2021Q2;2.02E+12;1006752;1;464;46;1004640046;27;27;ST MARKS PLACE;38;2;East Village;10003;103;MN;40.728934;-73.988436
19475951;0.028;0.056;04/23/2021;2021Q2;2.02E+12;1006505;1;454;59;1004540059;323;325;EAST 12 STREET;40;2;East Village;10003;103;MN;40.730715;-73.985178
11696155;0.032;0.056;04/23/2021;2021Q2;2.02E+12;1006504;1;454;57;1004540057;327;327;EAST 12 STREET;40;2;East Village;10003;103;MN;40.730688;-73.985109
12744046;0.024;0.056;04/23/2021;2021Q2;2.02E+12;1006503;1;454;56;1004540056;329;329;EAST 12 STREET;40;2;East Village;10003;103;MN;40.730674;-73.985073
4660000;0.055;0.055;07/21/2021;2021Q3;2.02E+12;1006074;1;442;17;1004420017;43;43;EAST 1 STREET;3602;2;East Village;10003;103;MN;40.723931;-73.990035
7000000;0.029;0.033;12/12/2018;2018Q4;2.02E+12;1005048;1;401;15;1004010015;510;512;EAST 6 STREET;32;2;East Village;10009;103;MN;40.725247;-73.983451
8000000;0.031;0.05;03/21/2022;2022Q1;2.02E+12;1077666;1;438;9;1004380009;180;180;1 AVENUE;34;2;East Village;10009;103;MN;40.729277;-73.984052
9041146;0.024;0.056;04/23/2021;2021Q2;2.02E+12;1005963;1;438;51;1004380051;253;253;EAST 10 STREET;34;2;East Village;10009;103;MN;40.728525;-73.983829
12250000;0.038;0.05;02/03/2022;2022Q1;2.02E+12;1005909;1;437;21;1004370021;280;280;EAST 10 STREET;34;2;East Village;10009;103;MN;40.728201;-73.983097
9923209;0.013;0.056;04/23/2021;2021Q2;2.02E+12;1005170;1;405;13;1004050013;510;510;EAST 12 STREET;34;2;East Village;10009;103;MN;40.728862;-73.980816
9482177;0.04;0.056;04/23/2021;2021Q2;2.02E+12;1005172;1;405;15;1004050015;514;514;EAST 12 STREET;34;2;East Village;10009;103;MN;40.728834;-73.980748
2800000;0.031;0.061;09/09/2020;2020Q3;2.02E+12;1005262;1;407;54;1004070054;513;513;EAST 13 STREET;34;2;East Village;10009;103;MN;40.729391;-73.98004
14000000;0.022;0.033;01/09/2019;2019Q1;2.02E+12;1004387;1;373;19;1003730019;332;334;EAST 4 STREET;2601;2;Lower East Side;10009;103;MN;40.721766;-73.978971
5500000;0.016;0.035;05/17/2019;2019Q2;2.02E+12;1076901;1;199;31;1001990031;102;102;BAYARD STREET;29;1;Chinatown;10013;103;MN;40.716081;-73.999769
20150000;0.015;0.035;06/17/2019;2019Q2;2.02E+12;1002382;1;199;34;1001990034;106;108;BAYARD STREET;29;1;Chinatown;10013;103;MN;40.716139;-73.999931
6500000;0.025;0.033;01/15/2019;2019Q1;2.02E+12;1003357;1;277;52;1002770052;31;31;CATHERINE STREET;8;1;Chinatown;10038;103;MN;40.712502;-73.997039
41409879;0.021;0.034;04/05/2018;2018Q2;2.02E+12;1014575;1;792;20;1007920020;125;129;WEST 16 STREET;81;3;Hudson Yards-Chelsea-Flatiron-Union Square;10011;104;MN;40.739079;-73.996781
7200000;0.04;0.055;08/06/2021;2021Q3;2.02E+12;1078581;1;766;50;1007660050;208;210;WEST 17 STREET;81;3;Hudson Yards-Chelsea-Flatiron-Union Square;10011;104;MN;40.740712;-73.998881
6000000;0.046;0.061;10/30/2020;2020Q4;2.02E+12;1013856;1;767;66;1007670066;244;244;WEST 18 STREET;81;3;Hudson Yards-Chelsea-Flatiron-Union Square;10011;104;MN;40.741604;-73.999184
7500000;0.047;0.055;08/23/2021;2021Q3;2.02E+12;1013210;1;743;20;1007430020;335;337;WEST 19 STREET;89;3;Hudson Yards-Chelsea-Flatiron-Union Square;10011;104;MN;40.743317;-74.001386
14500000;0.035;0.055;12/31/2021;2021Q4;2.02E+12;1013301;1;745;26;1007450026;313;315;WEST 21 STREET;89;3;Hudson Yards-Chelsea-Flatiron-Union Square;10011;104;MN;40.744297;-74.000079
6000000;0.052;0.061;07/31/2020;2020Q3;2.02E+12;1025190;1;1041;64;1010410064;750;750;9 AVENUE;133;3;Clinton;10019;104;MN;40.76377;-73.98873
9900000;0.024;0.034;06/25/2018;2018Q2;2.02E+12;1026804;1;1064;56;1010640056;448;448;WEST 55 STREET;139;3;Clinton;10019;104;MN;40.76721;-73.988087
19000000;0.025;0.05;05/13/2022;2022Q2;2.02E+12;1077124;1;1065;44;1010650044;418;424;WEST 56 STREET;139;3;Clinton;10019;104;MN;40.767569;-73.987
12988352;0.02;0.05;03/30/2022;2022Q1;2.02E+12;1026484;1;1056;15;1010560015;439;439;WEST 46 STREET;127;3;Clinton;10036;104;MN;40.761537;-73.992037
44000000;0.008;0.033;02/15/2019;2019Q1;2.02E+12;1035467;1;1287;8;1012870008;5;5;EAST 51 STREET;102;4;Midtown-Midtown South;10022;105;MN;40.758998;-73.976324
19500000;0.019;0.034;04/19/2018;2018Q2;2.02E+12;1038588;1;1329;121;1013290121;245;247;EAST 55 STREET;108;4;Turtle Bay-East Midtown;10022;106;MN;40.758518;-73.967434
62000000;0.056;0.061;09/09/2020;2020Q3;2.02E+12;1040555;1;1369;45;1013690045;400;400;EAST 58 STREET;10601;5;Turtle Bay-East Midtown;10022;106;MN;40.758832;-73.962102
4900000;0.028;0.033;10/12/2018;2018Q4;2.02E+12;1028734;1;1127;58;1011270058;52;52;WEST 75 STREET;161;6;Upper West Side;10023;107;MN;40.778777;-73.975996
90000000;0.036;0.05;05/09/2022;2022Q2;2.02E+12;1033758;1;1244;90;1012440090;98;99;RIVERSIDE DRIVE;167;6;Upper West Side;10024;107;MN;40.786636;-73.98081
17000000;0.046;0.056;06/17/2021;2021Q2;2.02E+12;1031485;1;1201;58;1012010058;66;66;WEST 88 STREET;173;6;Upper West Side;10024;107;MN;40.787325;-73.970139
7200000;0.031;0.033;08/14/2018;2018Q3;2.02E+12;1033296;1;1236;33;1012360033;588;588;AMSTERDAM AVENUE;175;6;Upper West Side;10024;107;MN;40.789269;-73.973869
8600000;0.017;0.033;08/14/2018;2018Q3;2.02E+12;1033297;1;1236;34;1012360034;590;590;AMSTERDAM AVENUE;175;6;Upper West Side;10024;107;MN;40.789335;-73.973825
8600000;0.019;0.033;08/14/2018;2018Q3;2.02E+12;1033298;1;1236;35;1012360035;592;592;AMSTERDAM AVENUE;175;6;Upper West Side;10024;107;MN;40.789393;-73.973782
8600000;0.021;0.033;08/14/2018;2018Q3;2.02E+12;1033299;1;1236;36;1012360036;594;594;AMSTERDAM AVENUE;175;6;Upper West Side;10024;107;MN;40.789453;-73.973739
60000000;0.04;0.05;03/02/2022;2022Q1;2.02E+12;1033611;1;1240;10;1012400010;2481;2487;BROADWAY;179;6;Upper West Side;10025;107;MN;40.79228;-73.973524
30000000;0.026;0.034;06/01/2018;2018Q2;2.02E+12;1034185;1;1253;45;1012530045;336;336;WEST 95 STREET;183;6;Upper West Side;10025;107;MN;40.794959;-73.974614
50750000;0.037;0.05;06/30/2022;2022Q2;2.02E+12;1056059;1;1868;1;1018680001;740;740;WEST END AVENUE;183;6;Upper West Side;10025;107;MN;40.795352;-73.973126
64500000;0.023;0.033;07/31/2018;2018Q3;2.02E+12;1056493;1;1872;61;1018720061;832;838;WEST END AVENUE;187;6;Upper West Side;10025;107;MN;40.798239;-73.971019
22000000;0.029;0.033;10/16/2018;2018Q4;2.02E+12;1055306;1;1836;47;1018360047;10;16;MANHATTAN AVENUE;189;7;Upper West Side;10025;107;MN;40.795121;-73.964046
15734353;0.026;0.035;08/29/2019;2019Q3;2.02E+12;1055398;1;1838;21;1018380021;50;56;MANHATTAN AVENUE;189;7;Upper West Side;10025;107;MN;40.796098;-73.963331
17500000;0.019;0.035;06/25/2019;2019Q2;2.02E+12;1043993;1;1428;21;1014280021;1403;1403;2 AVENUE;126;4;Lenox Hill-Roosevelt Island;10021;108;MN;40.769632;-73.957768
5975000;0.032;0.056;02/26/2020;2020Q1;2.02E+12;1044857;1;1446;4;1014460004;1388;1388;2 AVENUE;126;5;Lenox Hill-Roosevelt Island;10021;108;MN;40.768668;-73.958447
11833333;0.028;0.033;02/19/2019;2019Q1;2.02E+12;1044241;1;1436;35;1014360035;344;344;EAST 62 STREET;110;5;Lenox Hill-Roosevelt Island;10065;108;MN;40.761884;-73.961566
11833333;0.029;0.033;02/19/2019;2019Q1;2.02E+12;1044240;1;1436;34;1014360034;346;346;EAST 62 STREET;110;5;Lenox Hill-Roosevelt Island;10065;108;MN;40.761873;-73.961538
11833334;0.029;0.033;02/19/2019;2019Q1;2.02E+12;1044239;1;1436;33;1014360033;348;348;EAST 62 STREET;110;5;Lenox Hill-Roosevelt Island;10065;108;MN;40.761862;-73.961509
14938625;0.015;0.034;04/12/2018;2018Q2;2.02E+12;1050354;1;1559;47;1015590047;1528;1528;1 AVENUE;136;5;Yorkville;10075;108;MN;40.772772;-73.952357
15000000;0.052;0.056;05/14/2021;2021Q2;2.02E+12;1048256;1;1519;22;1015190022;151;151;EAST 90 STREET;14802;5;Upper East Side-Carnegie Hill;10128;108;MN;40.781869;-73.95325
7097381;0.045;0.047;12/25/2019;2019Q4;2.02E+12;1048397;1;1522;37;1015220037;1670;1670;3 AVENUE;15801;5;Upper East Side-Carnegie Hill;10128;108;MN;40.783613;-73.950497
6650000;0.047;0.059;01/13/2021;2021Q1;2.02E+12;1048397;1;1522;37;1015220037;1670;1670;3 AVENUE;15801;5;Upper East Side-Carnegie Hill;10128;108;MN;40.783613;-73.950497
5150000;0.029;0.033;12/04/2018;2018Q4;2.02E+12;1059624;1;1970;34;1019700034;1437;1437;AMSTERDAM AVENUE;21303;9;Manhattanville;10027;109;MN;40.816395;-73.954053
15800000;0.048;0.061;08/05/2020;2020Q3;2.02E+12;1059872;1;1994;62;1019940062;183;187;CLAREMONT AVENUE;211;7;Morningside Heights;10027;109;MN;40.814495;-73.960478
16800000;0.027;0.035;05/21/2019;2019Q2;2.02E+12;1079851;1;2070;36;1020700036;1590;1590;AMSTERDAM AVENUE;225;7;Hamilton Heights;10031;109;MN;40.821197;-73.950574
26200000;0.018;0.034;06/26/2018;2018Q2;2.02E+12;1061751;1;2071;61;1020710061;3430;3438;BROADWAY;225;7;Hamilton Heights;10031;109;MN;40.822973;-73.952961
18450000;0.032;0.033;09/24/2018;2018Q3;2.02E+12;1061758;1;2072;1;1020720001;3440;3448;BROADWAY;225;7;Hamilton Heights;10031;109;MN;40.823231;-73.952433
9200000;0.03;0.034;05/14/2018;2018Q2;2.02E+12;1061730;1;2071;15;1020710015;51;51;HAMILTON PLACE;225;7;Hamilton Heights;10031;109;MN;40.822342;-73.951805
7425000;0.031;0.033;07/24/2018;2018Q3;2.02E+12;1061759;1;2072;6;1020720006;563;563;WEST 140 STREET;225;7;Hamilton Heights;10031;109;MN;40.822896;-73.951859
5300000;0.023;0.033;12/10/2018;2018Q4;2.02E+12;1061948;1;2077;38;1020770038;510;512;WEST 146 STREET;229;7;Hamilton Heights;10031;109;MN;40.826155;-73.94773
21795000;0.017;0.033;11/14/2018;2018Q4;2.02E+12;1062456;1;2098;29;1020980029;3661;3669;BROADWAY;237;7;Hamilton Heights;10031;109;MN;40.830322;-73.947626
6255000;0.022;0.034;04/24/2018;2018Q2;2.02E+12;1062252;1;2084;62;1020840062;3694;3694;BROADWAY;237;7;Hamilton Heights;10031;109;MN;40.831285;-73.946891
6075000;0.047;0.05;02/04/2022;2022Q1;2.02E+12;1062160;1;2082;43;1020820043;512;514;WEST 151 STREET;237;7;Hamilton Heights;10031;109;MN;40.829289;-73.945487
5100000;0.053;0.062;06/15/2020;2020Q2;2.02E+12;1061625;1;2067;36;1020670036;61;61;ST NICHOLAS PLACE;23501;9;Hamilton Heights;10031;109;MN;40.828888;-73.941231
3700000;0.03;0.033;03/07/2019;2019Q1;2.02E+12;1059769;1;1988;37;1019880037;502;502;WEST 135 STREET;22301;7;Manhattanville;10031;109;MN;40.819123;-73.95266
7210000;0.019;0.034;05/03/2018;2018Q2;2.02E+12;1059794;1;1988;101;1019880101;505;505;WEST 135 STREET;22301;7;Manhattanville;10031;109;MN;40.819153;-73.952689
7200000;0.029;0.034;04/05/2018;2018Q2;2.02E+12;1059785;1;1988;86;1019880086;523;523;WEST 135 STREET;22301;7;Manhattanville;10031;109;MN;40.819296;-73.953043
5400000;0.026;0.033;12/10/2018;2018Q4;2.02E+12;1054936;1;1820;55;1018200055;146;146;WEST 111 STREET;216;9;Central Harlem South;10026;110;MN;40.799473;-73.953548
8200000;0.028;0.033;12/10/2018;2018Q4;2.02E+12;1054962;1;1821;49;1018210049;120;120;WEST 112 STREET;216;9;Central Harlem South;10026;110;MN;40.800096;-73.953082
6900000;0.033;0.033;12/10/2018;2018Q4;2.02E+12;1057404;1;1901;23;1019010023;117;117;WEST 116 STREET;218;9;Central Harlem South;10026;110;MN;40.802357;-73.950451
7300000;0.031;0.033;12/10/2018;2018Q4;2.02E+12;1057402;1;1901;19;1019010019;125;125;WEST 116 STREET;218;9;Central Harlem South;10026;110;MN;40.80242;-73.950602
4800000;0.025;0.033;12/10/2018;2018Q4;2.02E+12;1057395;1;1901;12;1019010012;141;141;WEST 116 STREET;218;9;Central Harlem South;10026;110;MN;40.802549;-73.950909
4100000;0.032;0.033;12/10/2018;2018Q4;2.02E+12;1055243;1;1831;48;1018310048;230;230;WEST 116 STREET;218;9;Central Harlem South;10026;110;MN;40.803799;-73.953921
6800000;0.028;0.033;12/10/2018;2018Q4;2.02E+12;1058371;1;1922;11;1019220011;239;241;WEST 116 STREET;218;9;Central Harlem South;10026;110;MN;40.803906;-73.954127
6200000;0.027;0.033;12/10/2018;2018Q4;2.02E+12;1058370;1;1922;9;1019220009;243;245;WEST 116 STREET;218;9;Central Harlem South;10026;110;MN;40.80395;-73.954235
10300000;0.024;0.033;12/10/2018;2018Q4;2.02E+12;1058368;1;1922;6;1019220006;251;253;WEST 116 STREET;218;9;Central Harlem South;10026;110;MN;40.804041;-73.954452
3807600;0.052;0.055;07/06/2021;2021Q3;2.02E+12;1058381;1;1922;57;1019220057;272;272;WEST 117 STREET;218;9;Central Harlem South;10026;110;MN;40.804768;-73.954112
5225000;0.027;0.034;05/17/2018;2018Q2;2.02E+12;1057518;1;1903;62;1019030062;1975;1977;ADAM C POWELL BLVD;220;9;Central Harlem South;10026;110;MN;40.804937;-73.951261
11300000;0.047;0.05;06/13/2022;2022Q2;2.02E+12;1055806;1;1847;42;1018470042;312;312;MANHATTAN AVENUE;19702;9;Central Harlem South;10026;110;MN;40.803268;-73.958115
3225000;0.049;0.055;11/09/2021;2021Q4;2.02E+12;1059442;1;1958;57;1019580057;426;426;ST NICHOLAS AVENUE;215;9;Central Harlem North-Polo Grounds;10027;110;MN;40.814551;-73.949296
8500000;0.028;0.047;12/20/2019;2019Q4;2.02E+12;1057776;1;1908;4;1019080004;2067;2069;ADAM C POWELL BLVD;222;9;Central Harlem South;10027;110;MN;40.807903;-73.949095
19250000;0.023;0.033;12/14/2018;2018Q4;2.02E+12;1060010;1;2006;42;1020060042;112;118;WEST 138 STREET;228;9;Central Harlem North-Polo Grounds;10030;110;MN;40.816312;-73.940155
2550000;0.02;0.05;01/04/2022;2022Q1;2.02E+12;1060077;1;2009;53;1020090053;162;162;WEST 141 STREET;230;9;Central Harlem North-Polo Grounds;10030;110;MN;40.818617;-73.939809
6687500;0.05;0.055;12/20/2021;2021Q4;2.02E+12;1053018;1;1708;22;1017080022;265;;PLEASANT AVENUE;178;8;East Harlem North;10029;111;MN;40.793991;-73.933952
5500000;0.045;0.056;06/24/2021;2021Q2;2.02E+12;1051600;1;1615;11;1016150011;19;21;EAST 109 STREET;17401;9;East Harlem South;10029;111;MN;40.795793;-73.948671
5500000;0.032;0.056;06/25/2021;2021Q2;2.02E+12;1053959;1;1745;50;1017450050;1829;1829;MADISON AVENUE;184;9;East Harlem North;10035;111;MN;40.801821;-73.943494
7500000;0.02;0.047;11/08/2019;2019Q4;2.02E+12;1052369;1;1646;15;1016460015;223;223;EAST 96 STREET;15602;5;East Harlem South;10128;111;MN;40.784754;-73.948272
25450000;0.019;0.034;05/31/2018;2018Q2;2.02E+12;1051704;1;1624;21;1016240021;155;159;EAST 96 STREET;15802;5;East Harlem South;10128;111;MN;40.785738;-73.9506
19700000;0.024;0.035;04/17/2019;2019Q2;2.02E+12;1062922;1;2122;48;1021220048;3880;3880;BROADWAY;245;7;Washington Heights South;10032;112;MN;40.837269;-73.942521
26839208;0.026;0.033;10/30/2018;2018Q4;2.02E+12;1063357;1;2137;40;1021370040;80;80;FT WASHINGTON AVENUE;245;7;Washington Heights South;10032;112;MN;40.837989;-73.943923
20140792;0.025;0.033;10/30/2018;2018Q4;2.02E+12;1063365;1;2137;91;1021370091;86;86;FT WASHINGTON AVENUE;245;7;Washington Heights South;10032;112;MN;40.838148;-73.943857
3372000;0.032;0.033;11/02/2018;2018Q4;2.02E+12;1062864;1;2120;23;1021200023;524;526;WEST 162 STREET;245;7;Washington Heights South;10032;112;MN;40.836411;-73.940773
7910000;0.027;0.035;06/25/2019;2019Q2;2.02E+12;1063367;1;2137;112;1021370112;611;611;WEST 163 STREET;245;7;Washington Heights South;10032;112;MN;40.838043;-73.94269
9250000;0.036;0.055;07/20/2021;2021Q3;2.02E+12;1062936;1;2122;110;1021220110;548;548;WEST 164 STREET;245;7;Washington Heights South;10032;112;MN;40.837948;-73.940576
10200000;0.022;0.033;12/10/2018;2018Q4;2.02E+12;1063319;1;2136;60;1021360060;638;644;WEST 160 STREET;247;7;Washington Heights South;10032;112;MN;40.836617;-73.945174
11300000;0.023;0.033;12/10/2018;2018Q4;2.02E+12;1063324;1;2136;98;1021360098;655;655;WEST 160 STREET;247;7;Washington Heights South;10032;112;MN;40.836804;-73.945586
3197000;0.048;0.055;12/28/2021;2021Q4;2.02E+12;1063007;1;2125;42;1021250042;2192;2194;AMSTERDAM AVENUE;251;10;Washington Heights South;10032;112;MN;40.840331;-73.936588
4900000;0.029;0.033;07/11/2018;2018Q3;2.02E+12;1063032;1;2126;48;1021260048;503;503;WEST 169 STREET;253;10;Washington Heights South;10032;112;MN;40.840609;-73.936746
3095000;0.037;0.059;03/18/2021;2021Q1;2.02E+12;1063399;1;2138;187;1021380187;647;649;WEST 169 STREET;253;10;Washington Heights South;10032;112;MN;40.842227;-73.940612
3950000;0.047;0.05;04/21/2022;2022Q2;2.02E+12;1063028;1;2126;40;1021260040;502;502;WEST 170 STREET;253;10;Washington Heights South;10032;112;MN;40.841179;-73.936327
6000000;0.049;0.059;01/21/2021;2021Q1;2.02E+12;1063484;1;2142;63;1021420063;633;633;WEST 171 STREET;253;10;Washington Heights South;10032;112;MN;40.843468;-73.939733
5000000;0.046;0.059;01/21/2021;2021Q1;2.02E+12;1063488;1;2142;78;1021420078;636;636;WEST 172 STREET;253;10;Washington Heights South;10032;112;MN;40.844165;-73.939573
4400000;0.056;0.059;01/21/2021;2021Q1;2.02E+12;1063489;1;2142;81;1021420081;642;642;WEST 172 STREET;253;10;Washington Heights South;10032;112;MN;40.844203;-73.939667
5200000;0.055;0.059;01/21/2021;2021Q1;2.02E+12;1063494;1;2142;97;1021420097;643;643;WEST 172 STREET;253;10;Washington Heights South;10032;112;MN;40.844217;-73.939656
8896000;0.047;0.055;12/28/2021;2021Q4;2.02E+12;1063435;1;2139;310;1021390310;295;295;FT WASHINGTON AVENUE;255;10;Washington Heights South;10032;112;MN;40.845164;-73.940613
26750000;0.04;0.05;04/20/2022;2022Q2;2.02E+12;1062545;1;2109;34;1021090034;555;559;EDGECOMBE AVENUE;24301;10;Washington Heights South;10032;112;MN;40.833633;-73.938755
10100000;0.041;0.05;05/31/2022;2022Q2;2.02E+12;1062597;1;2110;24;1021100024;596;596;EDGECOMBE AVENUE;24301;10;Washington Heights South;10032;112;MN;40.835435;-73.937514
4795000;0.029;0.034;04/17/2018;2018Q2;2.02E+12;1062622;1;2110;70;1021100070;452;452;WEST 164 STREET;24301;10;Washington Heights South;10032;112;MN;40.836877;-73.938022
9510000;0.03;0.033;11/02/2018;2018Q4;2.02E+12;1062634;1;2111;10;1021110010;476;482;WEST 165 STREET;24301;10;Washington Heights South;10032;112;MN;40.837683;-73.937841
8595386;0.032;0.05;03/04/2022;2022Q1;2.02E+12;1000000;1;2149;3;1021490003;2455;2459;AMSTERDAM AVENUE;267;10;Washington Heights North;10033;112;MN;40.848562;-73.930551
20540248;0.037;0.05;03/04/2022;2022Q1;2.02E+12;1063583;1;2149;84;1021490084;90;90;LAUREL HILL TERRACE;267;10;Washington Heights North;10033;112;MN;40.850331;-73.92782
18218925;0.025;0.05;03/04/2022;2022Q1;2.02E+12;1063587;1;2149;104;1021490104;475;475;WEST 186 STREET;267;10;Washington Heights North;10033;112;MN;40.851034;-73.928275
15278612;0.037;0.05;03/04/2022;2022Q1;2.02E+12;1063586;1;2149;101;1021490101;480;480;WEST 187 STREET;267;10;Washington Heights North;10033;112;MN;40.851736;-73.927858
8462364;0.037;0.05;03/04/2022;2022Q1;2.02E+12;1063721;1;2156;22;1021560022;2502;2504;AMSTERDAM AVENUE;269;10;Washington Heights North;10033;112;MN;40.850011;-73.929577
5855296;0.034;0.05;03/04/2022;2022Q1;2.02E+12;1063727;1;2156;33;1021560033;399;399;AUDUBON AVENUE;269;10;Washington Heights North;10033;112;MN;40.851208;-73.930519
5408075;0.037;0.05;03/04/2022;2022Q1;2.02E+12;1063728;1;2156;35;1021560035;403;403;AUDUBON AVENUE;269;10;Washington Heights North;10033;112;MN;40.851315;-73.93044
4568045;0.035;0.05;03/04/2022;2022Q1;2.02E+12;1063729;1;2156;37;1021560037;407;407;AUDUBON AVENUE;269;10;Washington Heights North;10033;112;MN;40.851419;-73.930364
3400000;0.051;0.055;12/14/2021;2021Q4;2.02E+12;1063723;1;2156;25;1021560025;511;511;WEST 184 STREET;269;10;Washington Heights North;10033;112;MN;40.850121;-73.930097
2796352;0.043;0.05;03/04/2022;2022Q1;2.02E+12;1063765;1;2157;13;1021570013;556;558;WEST 185 STREET;269;10;Washington Heights North;10033;112;MN;40.851304;-73.931087
8000000;0.03;0.055;10/28/2021;2021Q4;2.02E+12;1064413;1;2180;92;1021800092;51;51;BENNETT AVENUE;271;10;Washington Heights North;10033;112;MN;40.852015;-73.935864
18375000;0.035;0.035;04/03/2019;2019Q2;2.02E+12;1064442;1;2180;199;1021800199;110;110;BENNETT AVENUE;271;10;Washington Heights North;10033;112;MN;40.853733;-73.935021
6800000;0.03;0.033;09/27/2018;2018Q3;2.02E+12;1063958;1;2165;65;1021650065;1469;1469;ST NICHOLAS AVENUE;271;10;Washington Heights North;10033;112;MN;40.850806;-73.932659
7956000;0.042;0.056;06/22/2021;2021Q2;2.02E+12;1063989;1;2167;63;1021670063;258;264;WADSWORTH AVENUE;271;10;Washington Heights North;10033;112;MN;40.852799;-73.932809
6600000;0.038;0.055;09/30/2021;2021Q3;2.02E+12;1063984;1;2167;10;1021670010;644;650;WEST 185 STREET;271;10;Washington Heights North;10033;112;MN;40.852308;-73.933471
19550000;0.031;0.034;06/19/2018;2018Q2;2.02E+12;1063448;1;2139;517;1021390517;4;4;SOUTH PINEHURST AVE;255;10;Washington Heights South;10033;112;MN;40.84775;-73.940557
8300000;0.037;0.05;05/25/2022;2022Q2;2.02E+12;1063447;1;2139;508;1021390508;830;830;WEST 177 STREET;255;10;Washington Heights South;10033;112;MN;40.848151;-73.941228
7775000;0.04;0.05;03/16/2022;2022Q1;2.02E+12;1063124;1;2130;22;1021300022;160;160;AUDUBON AVENUE;261;10;Washington Heights South;10033;112;MN;40.843691;-73.936035
13650000;0.032;0.034;06/25/2018;2018Q2;2.02E+12;1063183;1;2132;21;1021320021;247;251;AUDUBON AVENUE;261;10;Washington Heights South;10033;112;MN;40.846377;-73.934048
15210000;0.021;0.035;05/30/2019;2019Q2;2.02E+12;1063551;1;2144;45;1021440045;1341;1349;ST NICHOLAS AVENUE;263;10;Washington Heights South;10033;112;MN;40.846825;-73.935562
13135000;0.034;0.035;04/01/2019;2019Q2;2.02E+12;1063546;1;2144;29;1021440029;81;81;WADSWORTH AVENUE;263;10;Washington Heights South;10033;112;MN;40.847339;-73.93678
10150000;0.053;0.056;03/11/2020;2020Q1;2.02E+12;1064325;1;2177;218;1021770218;1314;1322;RIVERSIDE DRIVE;265;10;Washington Heights South;10033;112;MN;40.850342;-73.942828
8900000;0.039;0.05;01/13/2022;2022Q1;2.02E+12;1064311;1;2177;145;1021770145;803;803;WEST 180 STREET;265;10;Washington Heights South;10033;112;MN;40.850107;-73.939174
9040000;0.028;0.033;02/15/2019;2019Q1;2.02E+12;1064306;1;2177;130;1021770130;815;815;WEST 180 STREET;265;10;Washington Heights South;10033;112;MN;40.850222;-73.939777
10400000;0.022;0.033;10/29/2018;2018Q4;2.02E+12;1064708;1;2217;7;1022170007;9;15;POST AVENUE;291;10;Marble Hill-Inwood;10034;112;MN;40.862803;-73.924748
6100000;0.053;0.061;08/03/2020;2020Q3;2.02E+12;1064943;1;2237;43;1022370043;682;682;ACADEMY STREET;295;10;Marble Hill-Inwood;10034;112;MN;40.866968;-73.925419
7725000;0.028;0.033;10/04/2018;2018Q4;2.02E+12;1063853;1;2159;43;1021590043;540;540;WEST 189 STREET;277;10;Washington Heights North;10040;112;MN;40.853586;-73.928388
14625000;0.035;0.055;12/15/2021;2021Q4;2.02E+12;1064459;1;2180;483;1021800483;165;165;BENNETT AVENUE;279;10;Washington Heights North;10040;112;MN;40.855799;-73.93418
6800000;0.053;0.055;07/28/2021;2021Q3;2.02E+12;1064037;1;2170;1;1021700001;4380;4380;BROADWAY;279;10;Washington Heights North;10040;112;MN;40.854342;-73.933635
3350000;0.055;0.055;12/13/2021;2021Q4;2.02E+12;1064113;1;2170;516;1021700516;670;670;WEST 193 STREET;283;10;Washington Heights North;10040;112;MN;40.858043;-73.931123
7850000;0.042;0.056;02/12/2020;2020Q1;2.02E+12;1064239;1;2175;100;1021750100;20;20;SHERMAN AVENUE;287;10;Washington Heights North;10040;112;MN;40.862669;-73.928479
3150000;0.032;0.042;05/31/2022;2022Q2;2.02E+12;2001820;2;2410;1;2024100001;271;271;EAST 150 STREET;65;17;Melrose South-Mott Haven North;10451;201;BX;40.81789;-73.921811
3000000;0.043;0.044;12/30/2021;2021Q4;2.02E+12;2003597;2;2546;140;2025460140;124;124;ST ANNS AVENUE;19;8;Mott Haven-Port Morris;10454;201;BX;40.803726;-73.919671
2575000;0.04;0.046;09/24/2021;2021Q3;2.02E+12;2000085;2;2267;67;2022670067;533;533;EAST 139 STREET;39;8;Mott Haven-Port Morris;10454;201;BX;40.807957;-73.918059
2825000;0.046;0.046;09/24/2021;2021Q3;2.02E+12;2000084;2;2267;65;2022670065;537;537;EAST 139 STREET;39;8;Mott Haven-Port Morris;10454;201;BX;40.807918;-73.917972
3500000;0.037;0.042;06/02/2022;2022Q2;2.02E+12;2000096;2;2268;14;2022680014;522;524;EAST 142 STREET;41;8;Mott Haven-Port Morris;10454;201;BX;40.810102;-73.916875
1825000;0.034;0.046;09/24/2021;2021Q3;2.02E+12;2003624;2;2551;8;2025510008;574;574;EAST 139 STREET;2702;8;Mott Haven-Port Morris;10454;201;BX;40.807264;-73.916466
5675000;0.04;0.046;08/16/2021;2021Q3;2.02E+12;2004419;2;2623;147;2026230147;600;600;TRINITY AVENUE;73;8;Melrose South-Mott Haven North;10455;201;BX;40.81442;-73.909655
2504728;0.019;0.042;01/14/2022;2022Q1;2.02E+12;2004963;2;2675;58;2026750058;719;719;PROSPECT AVENUE;79;17;Melrose South-Mott Haven North;10455;201;BX;40.816662;-73.902878
6607000;0.034;0.042;06/16/2022;2022Q2;2.02E+12;2003924;2;2579;19;2025790019;718;726;EAST 149 STREET;35;8;Mott Haven-Port Morris;10455;201;BX;40.813187;-73.908894
8500000;0.028;0.037;05/10/2018;2018Q2;2.02E+12;2000539;2;2293;56;2022930056;456;456;EAST 149 STREET;43;8;Mott Haven-Port Morris;10455;201;BX;40.815325;-73.9159
5900000;0.035;0.047;10/28/2020;2020Q4;2.02E+12;2004791;2;2666;22;2026660022;800;800;EAST 160 STREET;77;17;Melrose South-Mott Haven North;10456;201;BX;40.820099;-73.903321
2504728;0.02;0.042;01/14/2022;2022Q1;2.02E+12;2005335;2;2695;38;2026950038;757;759;DAWSON STREET;85;17;Longwood;10455;202;BX;40.817412;-73.900062
3000000;0.036;0.046;09/24/2021;2021Q3;2.02E+12;2005743;2;2721;40;2027210040;1025;1025;LONGWOOD AVENUE;89;17;Hunts Point;10459;202;BX;40.816465;-73.896447
871215;0.042;0.042;01/14/2022;2022Q1;2.02E+12;2006043;2;2744;40;2027440040;1105;1105;HOE AVENUE;12701;17;Hunts Point;10459;202;BX;40.825975;-73.890908
7975000;0.032;0.042;05/10/2022;2022Q2;2.02E+12;2005798;2;2726;66;2027260066;1039;1039;SIMPSON STREET;12701;17;Hunts Point;10459;202;BX;40.824536;-73.892959
8150000;0.03;0.034;08/08/2018;2018Q3;2.02E+12;2005798;2;2726;66;2027260066;1039;1039;SIMPSON STREET;12701;17;Hunts Point;10459;202;BX;40.824536;-73.892959
3200000;0.039;0.048;01/12/2021;2021Q1;2.02E+12;2005454;2;2703;20;2027030020;923;923;KELLY STREET;87;17;Longwood;10459;202;BX;40.820348;-73.895986
7800000;0.031;0.037;01/22/2019;2019Q1;2.02E+12;2005462;2;2703;50;2027030050;957;959;KELLY STREET;87;17;Longwood;10459;202;BX;40.821621;-73.895883
8706380;0.029;0.034;07/26/2018;2018Q3;2.02E+12;2006552;2;2763;220;2027630220;769;769;BRYANT AVENUE;117;17;Hunts Point;10474;202;BX;40.816057;-73.885946
2200000;0.04;0.042;06/21/2022;2022Q2;2.02E+12;2005701;2;2719;38;2027190038;1120;1120;FOX STREET;125;17;Morrisania-Melrose;10459;203;BX;40.827496;-73.893843
5200000;0.029;0.037;06/07/2018;2018Q2;2.02E+12;2010845;2;3000;7;2030000007;1468;1468;BRYANT AVENUE;157;17;Crotona Park East;10460;203;BX;40.832046;-73.887743
11600000;0.035;0.037;02/21/2019;2019Q1;2.02E+12;2002807;2;2460;30;2024600030;181;181;EAST 161 STREET;18301;16;East Concourse-Concourse Village;10451;204;BX;40.826549;-73.921624
9300000;0.035;0.039;07/12/2019;2019Q3;2.02E+12;2003187;2;2511;68;2025110068;957;963;WOODYCREST AVENUE;189;8;Highbridge;10452;204;BX;40.831527;-73.928863
3285000;0.03;0.037;01/30/2019;2019Q1;2.02E+12;2003486;2;2526;55;2025260055;1090;1090;UNIVERSITY AVENUE;193;16;Highbridge;10452;204;BX;40.835689;-73.929643
7600000;0.044;0.046;08/13/2021;2021Q3;2.02E+12;2003533;2;2532;15;2025320015;1344;1344;UNIVERSITY AVENUE;201;16;Highbridge;10452;204;BX;40.841382;-73.926717
14400000;0.033;0.042;01/19/2022;2022Q1;2.02E+12;2008009;2;2835;16;2028350016;1515;1515;GRAND CONCOURSE;209;14;West Concourse;10452;204;BX;40.841551;-73.912506
13757983;0.04;0.041;02/06/2020;2020Q1;2.02E+12;2008009;2;2835;16;2028350016;1515;1515;GRAND CONCOURSE;209;14;West Concourse;10452;204;BX;40.841551;-73.912506
11989543;0.033;0.034;07/10/2018;2018Q3;2.02E+12;2008120;2;2844;105;2028440105;1459;1459;WYTHE PLACE;223;14;West Concourse;10452;204;BX;40.840561;-73.914173
14000000;0.028;0.034;07/10/2018;2018Q3;2.02E+12;2008120;2;2844;105;2028440105;1459;1459;WYTHE PLACE;223;14;West Concourse;10452;204;BX;40.840561;-73.914173
12575000;0.029;0.034;10/04/2018;2018Q4;2.02E+12;2002843;2;2463;46;2024630046;1197;1197;GRAND CONCOURSE;197;16;West Concourse;10452;204;BX;40.834224;-73.918001
5115000;0.035;0.044;11/18/2021;2021Q4;2.02E+12;2008042;2;2839;83;2028390083;115;115;EAST 169 STREET;22102;16;West Concourse;10452;204;BX;40.836982;-73.917376
12000000;0.035;0.042;06/27/2022;2022Q2;2.02E+12;2002818;2;2461;74;2024610074;955;955;SHERIDAN AVENUE;18301;8;East Concourse-Concourse Village;10456;204;BX;40.828576;-73.919952
1650000;0.036;0.042;06/24/2022;2022Q2;2.02E+12;2002252;2;2434;4;2024340004;1110;1110;COLLEGE AVENUE;175;16;East Concourse-Concourse Village;10456;204;BX;40.830735;-73.914561
2135000;0.03;0.042;03/04/2022;2022Q1;2.02E+12;2002077;2;2426;54;2024260054;1182;1182;CLAY AVENUE;17701;16;East Concourse-Concourse Village;10456;204;BX;40.831748;-73.910954
1730000;0.032;0.034;12/05/2018;2018Q4;2.02E+12;2002079;2;2426;56;2024260056;1190;1190;CLAY AVENUE;17701;16;East Concourse-Concourse Village;10456;204;BX;40.831921;-73.91086
2823000;0.034;0.037;06/15/2018;2018Q2;2.02E+12;2002732;2;2456;34;2024560034;1052;1052;SHERIDAN AVENUE;18102;16;East Concourse-Concourse Village;10456;204;BX;40.830664;-73.918739
3092000;0.031;0.037;06/15/2018;2018Q2;2.02E+12;2002733;2;2456;36;2024560036;1056;1056;SHERIDAN AVENUE;18102;16;East Concourse-Concourse Village;10456;204;BX;40.830722;-73.918706
5220000;0.037;0.037;06/15/2018;2018Q2;2.02E+12;2002734;2;2456;37;2024560037;1060;1060;SHERIDAN AVENUE;18102;16;East Concourse-Concourse Village;10456;204;BX;40.830777;-73.918674
8000000;0.029;0.042;05/11/2022;2022Q2;2.02E+12;2002742;2;2456;75;2024560075;1127;1127;SHERIDAN AVENUE;18102;16;East Concourse-Concourse Village;10456;204;BX;40.832201;-73.917862
15250000;0.027;0.034;10/04/2018;2018Q4;2.02E+12;2007823;2;2820;9;2028200009;1534;1534;SELWYN AVENUE;225;16;East Concourse-Concourse Village;10457;204;BX;40.841242;-73.910388
7000000;0.046;0.047;07/28/2020;2020Q3;2.02E+12;2013963;2;3179;41;2031790041;2105;2105;WALTON AVENUE;241;14;Mount Hope;10453;205;BX;40.854495;-73.905534
6350000;0.046;0.048;03/26/2021;2021Q1;2.02E+12;2007627;2;2805;45;2028050045;124;124;EAST 177 STREET;23301;14;Mount Hope;10453;205;BX;40.849556;-73.907482
2800000;0.041;0.046;08/24/2021;2021Q3;2.02E+12;2008498;2;2867;39;2028670039;1735;1735;DAVIDSON AVENUE;217;14;University Heights-Morris Heights;10453;205;BX;40.847996;-73.913303
500000;0.023;0.044;12/29/2021;2021Q4;2.02E+12;2014513;2;3208;19;2032080019;2237;2237;GRAND AVENUE;251;14;University Heights-Morris Heights;10453;205;BX;40.858138;-73.906251
750000;0.021;0.044;12/29/2021;2021Q4;2.02E+12;2014584;2;3211;23;2032110023;2198;2198;UNIVERSITY AVENUE;251;14;University Heights-Morris Heights;10453;205;BX;40.85854;-73.908709
5000000;0.047;0.048;06/09/2021;2021Q2;2.02E+12;2008928;2;2877;431;2028770431;1730;1730;POPHAM AVENUE;20502;14;University Heights-Morris Heights;10453;205;BX;40.85052;-73.919734
11470000;0.041;0.042;01/27/2022;2022Q1;2.02E+12;2008835;2;2876;112;2028760112;1738;1738;UNIVERSITY AVENUE;21502;14;University Heights-Morris Heights;10453;205;BX;40.84902;-73.917491
8040000;0.032;0.044;10/08/2021;2021Q4;2.02E+12;2009122;2;2879;204;2028790204;1893;1893;ANDREWS AVENUE SOUTH;24501;14;University Heights-Morris Heights;10453;205;BX;40.85362;-73.913889
2375000;0.032;0.034;07/24/2018;2018Q3;2.02E+12;2014854;2;3221;13;2032210013;1920;1920;LORING PLACE SOUTH;24502;14;University Heights-Morris Heights;10453;205;BX;40.854691;-73.914375
2200000;0.046;0.048;06/21/2021;2021Q2;2.02E+12;2013403;2;3145;10;2031450010;2238;2238;VALENTINE AVENUE;38301;15;Fordham South;10457;205;BX;40.855963;-73.898515
7450000;0.034;0.044;11/17/2021;2021Q4;2.02E+12;2007516;2;2800;19;2028000019;1815;1815;MONROE AVENUE;22901;15;Mount Hope;10457;205;BX;40.847079;-73.906426
2775000;0.042;0.046;08/13/2021;2021Q3;2.02E+12;2007480;2;2798;48;2027980048;1757;1757;TOPPING AVENUE;22901;15;Mount Hope;10457;205;BX;40.845632;-73.905694
5812000;0.034;0.037;06/28/2019;2019Q2;2.02E+12;2007514;2;2800;8;2028000008;1824;1824;WEEKS AVENUE;22901;15;Mount Hope;10457;205;BX;40.847275;-73.907322
5660000;0.029;0.034;09/13/2018;2018Q3;2.02E+12;2007731;2;2810;50;2028100050;219;221;ECHO PLACE;23502;15;Mount Hope;10457;205;BX;40.84976;-73.904756
14000000;0.039;0.046;08/05/2021;2021Q3;2.02E+12;2013733;2;3159;1;2031590001;2300;2304;GRAND CONCOURSE;38301;15;Fordham South;10458;205;BX;40.857608;-73.899836
3084000;0.03;0.034;10/31/2018;2018Q4;2.02E+12;;2;3289;32;2032890032;340;340;MARION AVENUE;38302;15;Fordham South;10458;205;BX;40.85825;-73.896057
2750000;0.036;0.044;12/14/2021;2021Q4;2.02E+12;2013789;2;3165;4;2031650004;2380;2380;CRESTON AVENUE;23703;14;Fordham South;10468;205;BX;40.860037;-73.899597
3800000;0.026;0.044;12/09/2021;2021Q4;2.02E+12;2013792;2;3165;11;2031650011;2390;2390;CRESTON AVENUE;23703;14;Fordham South;10468;205;BX;40.860292;-73.899459
4400000;0.035;0.042;04/07/2022;2022Q2;2.02E+12;2013913;2;3173;48;2031730048;2415;2415;CRESTON AVENUE;23703;14;Fordham South;10468;205;BX;40.860638;-73.899296
6500000;0.032;0.046;09/23/2021;2021Q3;2.02E+12;2013785;2;3164;46;2031640046;2359;2367;GRAND CONCOURSE;23703;14;Fordham South;10468;205;BX;40.858999;-73.899035
8250000;0.044;0.046;08/26/2021;2021Q3;2.02E+12;2114116;2;3081;8;2030810008;2120;2120;HUGHES AVENUE;373;15;East Tremont;10457;206;BX;40.849724;-73.889972
6416395;0.02;0.034;07/26/2018;2018Q3;2.02E+12;2011777;2;3058;42;2030580042;495;495;EAST 188 STREET;387;15;Belmont;10458;206;BX;40.858148;-73.890089
3900000;0.037;0.037;02/28/2019;2019Q1;2.02E+12;2012534;2;3090;1;2030900001;2400;2400;CAMBRELENG AVENUE;389;15;Belmont;10458;206;BX;40.854627;-73.885301
3600000;0.029;0.037;06/06/2019;2019Q2;2.02E+12;2012268;2;3078;26;2030780026;2503;2503;HUGHES AVENUE;389;15;Belmont;10458;206;BX;40.857772;-73.884714
7750000;0.033;0.044;12/07/2021;2021Q4;2.02E+12;2012521;2;3089;37;2030890037;2355;2355;BEAUMONT AVENUE;391;15;Belmont;10458;206;BX;40.853381;-73.884859
3500000;0.046;0.048;02/12/2021;2021Q1;2.02E+12;2012107;2;3072;11;2030720011;612;612;CRESCENT AVENUE;391;15;Belmont;10458;206;BX;40.853593;-73.888256
3800000;0.035;0.041;10/30/2019;2019Q4;2.02E+12;2012153;2;3074;10;2030740010;632;632;EAST 186 STREET;391;15;Belmont;10458;206;BX;40.854132;-73.88695
5500000;0.041;0.047;09/01/2020;2020Q3;2.02E+12;2016284;2;3273;321;2032730321;558;558;EAST 191 STREET;397;15;Belmont;10458;206;BX;40.85961;-73.885781
3200000;0.044;0.047;11/25/2020;2020Q4;2.02E+12;2011400;2;3040;22;2030400022;2383;2383;WASHINGTON AVENUE;385;15;Claremont-Bathgate;10458;206;BX;40.85731;-73.891467
4794425;0.023;0.034;07/26/2018;2018Q3;2.02E+12;2011211;2;3031;63;2030310063;4585;4585;PARK AVENUE;38302;15;Fordham South;10458;206;BX;40.856947;-73.893814
4732800;0.026;0.034;07/26/2018;2018Q3;2.02E+12;2011210;2;3031;60;2030310060;4589;4589;PARK AVENUE;38302;15;Fordham South;10458;206;BX;40.857166;-73.893647
4100000;0.034;0.042;06/01/2022;2022Q2;2.02E+12;2013229;2;3128;5;2031280005;2114;2114;DALY AVENUE;363;17;East Tremont;10460;206;BX;40.84499;-73.881357
7250000;0.031;0.034;09/05/2018;2018Q3;2.02E+12;2017237;2;3308;12;2033080012;226;226;EAST 203 STREET;413;11;Bedford Park-Fordham North;10458;207;BX;40.873714;-73.885594
6200000;0.031;0.042;02/23/2022;2022Q1;2.02E+12;2016462;2;3281;57;2032810057;367;367;EAST 201 STREET;415;11;Bedford Park-Fordham North;10458;207;BX;40.869408;-73.882524
12448000;0.043;0.044;10/28/2021;2021Q4;2.02E+12;2016732;2;3292;1;2032920001;2961;2965;MARION AVENUE;415;11;Bedford Park-Fordham North;10458;207;BX;40.86908;-73.884119
9750000;0.042;0.044;10/28/2021;2021Q4;2.02E+12;2016574;2;3285;19;2032850019;2976;2976;MARION AVENUE;415;11;Bedford Park-Fordham North;10458;207;BX;40.869299;-73.883728
4950000;0.043;0.047;07/22/2020;2020Q3;2.02E+12;2016735;2;3292;19;2032920019;2968;2968;PERRY AVENUE;415;11;Bedford Park-Fordham North;10458;207;BX;40.870123;-73.884005
6850000;0.04;0.041;02/21/2020;2020Q1;2.02E+12;2016326;2;3275;57;2032750057;2537;2537;DECATUR AVENUE;39901;15;Bedford Park-Fordham North;10458;207;BX;40.862072;-73.891579
6288000;0.029;0.034;08/31/2018;2018Q3;2.02E+12;2016602;2;3286;51;2032860051;2565;2565;MARION AVENUE;39901;15;Bedford Park-Fordham North;10458;207;BX;40.862931;-73.892217
8600000;0.032;0.037;02/05/2019;2019Q1;2.02E+12;2017155;2;3304;141;2033040141;215;215;EAST 197 STREET;40302;15;Bedford Park-Fordham North;10458;207;BX;40.869122;-73.891061
4458000;0.03;0.034;10/31/2018;2018Q4;2.02E+12;2017058;2;3301;63;2033010063;2833;2835;BRIGGS AVENUE;40501;15;Bedford Park-Fordham North;10458;207;BX;40.868816;-73.889384
4590000;0.026;0.034;10/31/2018;2018Q4;2.02E+12;2016389;2;3278;54;2032780054;2749;2749;WEBSTER AVENUE;40502;15;Bedford Park-Fordham North;10458;207;BX;40.865479;-73.886707
8250000;0.027;0.034;11/14/2018;2018Q4;2.02E+12;2017092;2;3302;42;2033020042;246;246;EAST 199 STREET;40702;15;Bedford Park-Fordham North;10458;207;BX;40.870409;-73.887396
3100000;0.042;0.048;03/22/2021;2021Q1;2.02E+12;2017168;2;3305;10;2033050010;2850;2850;GRAND CONCOURSE;40702;15;Bedford Park-Fordham North;10458;207;BX;40.870247;-73.890817
7230000;0.033;0.037;03/07/2019;2019Q1;2.02E+12;2015177;2;3239;77;2032390077;2709;2709;HEATH AVENUE;269;14;Kingsbridge Heights;10463;207;BX;40.871495;-73.905434
12000000;0.03;0.044;10/06/2021;2021Q4;2.02E+12;2017751;2;3326;105;2033260105;45;;E MOSHOLU PARKWAY N;419;11;Norwood;10467;207;BX;40.879437;-73.88323
4850000;0.038;0.047;08/05/2020;2020Q3;2.02E+12;2018043;2;3336;19;2033360019;136;136;EAST 208 STREET;419;11;Norwood;10467;207;BX;40.87795;-73.880249
16000000;0.037;0.042;06/01/2022;2022Q2;2.02E+12;2017672;2;3324;11;2033240011;75;;W MOSHOLU PARKWAY N;421;11;Norwood;10467;207;BX;40.882876;-73.885111
7840000;0.034;0.034;09/06/2018;2018Q3;2.02E+12;2017938;2;3333;9;2033330009;3050;3050;PERRY AVENUE;425;11;Norwood;10467;207;BX;40.87241;-73.879883
11525000;0.035;0.041;11/19/2019;2019Q4;2.02E+12;2018652;2;3356;185;2033560185;3540;3540;DECATUR AVENUE;431;11;Norwood;10467;207;BX;40.879393;-73.872262
3500000;0.046;0.047;11/24/2020;2020Q4;2.02E+12;2018571;2;3355;1;2033550001;3242;3242;DECATUR AVENUE;42901;11;Norwood;10467;207;BX;40.875232;-73.874515
3825000;0.036;0.037;05/06/2019;2019Q2;2.02E+12;2018552;2;3354;1;2033540001;365;365;EAST 205 STREET;42901;11;Norwood;10467;207;BX;40.873257;-73.875546
7450000;0.043;0.045;05/28/2020;2020Q2;2.02E+12;2018610;2;3355;104;2033550104;3366;3366;DECATUR AVENUE;42902;11;Norwood;10467;207;BX;40.877681;-73.872884
8275000;0.03;0.034;12/05/2018;2018Q4;2.02E+12;2013823;2;3167;64;2031670064;2545;2545;GRAND CONCOURSE;401;14;Bedford Park-Fordham North;10468;207;BX;40.863451;-73.896389
4682755;0.02;0.042;01/14/2022;2022Q1;2.02E+12;2014262;2;3198;44;2031980044;2323;2323;DAVIDSON AVENUE;253;14;Kingsbridge Heights;10468;207;BX;40.859706;-73.904265
5797904;0.038;0.042;01/14/2022;2022Q1;2.02E+12;2014748;2;3218;65;2032180065;2287;2287;UNIVERSITY AVENUE;255;14;Kingsbridge Heights;10468;207;BX;40.860663;-73.906834
2750000;0.035;0.037;01/22/2019;2019Q1;2.02E+12;2014628;2;3213;12;2032130012;2430;2430;UNIVERSITY AVENUE;263;14;Kingsbridge Heights;10468;207;BX;40.863554;-73.904418
7952000;0.036;0.042;04/12/2022;2022Q2;2.02E+12;2014842;2;3220;10;2032200010;2518;2518;WEBB AVENUE;263;14;Kingsbridge Heights;10468;207;BX;40.866611;-73.903861
7200000;0.038;0.046;08/05/2021;2021Q3;2.02E+12;2092425;2;3215;8;2032150008;2610;2610;UNIVERSITY AVENUE;265;14;Kingsbridge Heights;10468;207;BX;40.86729;-73.901835
3750000;0.033;0.042;05/05/2022;2022Q2;2.02E+12;2017446;2;3315;28;2033150028;2750;2750;CRESTON AVENUE;40303;14;Van Cortlandt Village;10468;207;BX;40.869295;-73.893306
5675000;0.043;0.048;03/04/2021;2021Q1;2.02E+12;2017513;2;3318;52;2033180052;2775;2775;MORRIS AVENUE;40303;14;Van Cortlandt Village;10468;207;BX;40.869378;-73.894391
6450000;0.031;0.034;10/09/2018;2018Q4;2.02E+12;2017488;2;3317;34;2033170034;12;12;EAST 196 STREET;40304;14;Van Cortlandt Village;10468;207;BX;40.869052;-73.89566
6600000;0.033;0.034;07/12/2018;2018Q3;2.02E+12;2017477;2;3316;26;2033160026;2718;2718;MORRIS AVENUE;40304;14;Van Cortlandt Village;10468;207;BX;40.86804;-73.89551
10150000;0.032;0.034;07/12/2018;2018Q3;2.02E+12;2092514;2;3317;43;2033170043;2719;2719;MORRIS AVENUE;40304;14;Van Cortlandt Village;10468;207;BX;40.868089;-73.895499
3500000;0.038;0.041;03/16/2020;2020Q1;2.02E+12;2017578;2;3319;14;2033190014;18;18;MINERVA PLACE;40701;14;Van Cortlandt Village;10468;207;BX;40.871085;-73.891025
6200000;0.027;0.034;10/05/2018;2018Q4;2.02E+12;2083560;2;5755;28;2057550028;3246;3246;KINGSBRIDGE AVENUE;287;11;Spuyten Duyvil-Kingsbridge;10463;208;BX;40.882144;-73.904294
15000000;0.032;0.034;07/30/2018;2018Q3;2.02E+12;2015810;2;3258;50;2032580050;3344;3344;FT INDEPENDENCE ST;279;11;Van Cortlandt Village;10463;208;BX;40.879027;-73.89955
15000000;0.031;0.044;11/17/2021;2021Q4;2.02E+12;2015913;2;3260;50;2032600050;147;147;WEST 230 STREET;277;14;Van Cortlandt Village;10463;208;BX;40.876061;-73.903832
3680000;0.025;0.039;08/16/2019;2019Q3;2.02E+12;2015285;2;3248;131;2032480131;2715;2715;CLAFLIN AVENUE;26701;14;Van Cortlandt Village;10468;208;BX;40.869658;-73.901061
9690000;0.038;0.041;02/13/2020;2020Q1;2.02E+12;2084020;2;5776;614;2057760614;226;230;WEST 242 STREET;285;11;Spuyten Duyvil-Kingsbridge;10471;208;BX;40.889589;-73.899364
3650000;0.037;0.042;01/20/2022;2022Q1;2.02E+12;2028223;2;3899;46;2038990046;1451;1451;TAYLOR AVENUE;218;18;West Farms-Bronx River;10460;209;BX;40.836412;-73.866197
3650000;0.038;0.042;01/20/2022;2022Q1;2.02E+12;2028221;2;3899;40;2038990040;1467;1467;TAYLOR AVENUE;218;18;West Farms-Bronx River;10460;209;BX;40.836684;-73.866244
5600000;0.034;0.048;03/26/2021;2021Q1;2.02E+12;2028682;2;3923;39;2039230039;1875;1875;ARCHER STREET;21601;18;West Farms-Bronx River;10460;209;BX;40.837845;-73.863853
2450000;0.036;0.037;04/01/2019;2019Q2;2.02E+12;2026766;2;3819;61;2038190061;2253;2253;HAVILAND AVENUE;92;18;Westchester-Unionport;10462;209;BX;40.83072;-73.849034
2450000;0.036;0.037;04/01/2019;2019Q2;2.02E+12;2026765;2;3819;59;2038190059;2255;2255;HAVILAND AVENUE;92;18;Westchester-Unionport;10462;209;BX;40.830726;-73.84899
2450000;0.036;0.037;04/01/2019;2019Q2;2.02E+12;2026764;2;3819;57;2038190057;2257;2257;HAVILAND AVENUE;92;18;Westchester-Unionport;10462;209;BX;40.830731;-73.84895
5000000;0.029;0.042;05/05/2022;2022Q2;2.02E+12;2026569;2;3813;37;2038130037;2160;2160;NEWBOLD AVENUE;92;18;Westchester-Unionport;10462;209;BX;40.833274;-73.852009
20000000;0.031;0.042;03/15/2022;2022Q1;2.02E+12;2092876;2;3819;1;2038190001;2200;2200;POWELL AVENUE;92;18;Westchester-Unionport;10462;209;BX;40.831228;-73.850684
9300000;0.037;0.047;07/08/2020;2020Q3;2.02E+12;2023431;2;3713;32;2037130032;1050;1080;WHEELER AVENUE;5001;17;Soundview-Bruckner;10472;209;BX;40.824825;-73.879239
8950000;0.025;0.037;01/04/2019;2019Q1;2.02E+12;2023835;2;3739;51;2037390051;1161;1161;ELDER AVENUE;5002;17;Soundview-Bruckner;10472;209;BX;40.827503;-73.878931
5000000;0.045;0.048;06/24/2021;2021Q2;2.02E+12;2023605;2;3723;48;2037230048;1090;1098;CROES AVENUE;44;18;Soundview-Bruckner;10472;209;BX;40.82706;-73.870079
1400000;0.04;0.045;06/23/2020;2020Q2;2.02E+12;2024831;2;3766;51;2037660051;1261;1261;LELAND AVENUE;70;18;Soundview-Bruckner;10472;209;BX;40.831685;-73.863453
9400000;0.044;0.046;09/24/2021;2021Q3;2.02E+12;2023532;2;3716;32;2037160032;1064;1068;WARD AVENUE;5001;18;Soundview-Bruckner;10472;209;BX;40.82542;-73.876514
24412000;0.047;0.048;04/21/2021;2021Q2;2.02E+12;2025384;2;3778;10;2037780010;1240;1240;MORRISON AVENUE;62;18;West Farms-Bronx River;10472;209;BX;40.830664;-73.874874
5450000;0.043;0.047;10/22/2020;2020Q4;2.02E+12;2047353;2;4234;52;2042340052;1921;1921;HOBART AVENUE;300;13;Pelham Bay-Country Club-City Island;10461;210;BX;40.850005;-73.831246
5500000;0.025;0.034;07/31/2018;2018Q3;2.02E+12;2047437;2;4238;15;2042380015;3108;3108;WILKINSON AVENUE;300;13;Pelham Bay-Country Club-City Island;10461;210;BX;40.851653;-73.828635
12100000;0.029;0.042;04/25/2022;2022Q2;2.02E+12;2047443;2;4238;27;2042380027;3120;3120;WILKINSON AVENUE;300;13;Pelham Bay-Country Club-City Island;10461;210;BX;40.851661;-73.828397
4550000;0.03;0.034;09/13/2018;2018Q3;2.02E+12;2045879;2;4158;34;2041580034;1649;1649;EDISON AVENUE;26602;13;Pelham Bay-Country Club-City Island;10461;210;BX;40.844438;-73.832825
4800000;0.04;0.048;03/16/2021;2021Q1;2.02E+12;2074660;2;5394;1;2053940001;1580;1580;EDISON AVENUE;264;13;Schuylerville-Throgs Neck-Edgewater Park;10461;210;BX;40.843091;-73.832922
4700000;0.03;0.042;06/24/2022;2022Q2;2.02E+12;2074435;2;5386;17;2053860017;2820;2820;MIDDLETOWN ROAD;264;13;Schuylerville-Throgs Neck-Edgewater Park;10461;210;BX;40.843463;-73.835975
11250000;0.047;0.047;12/21/2020;2020Q4;2.02E+12;2041865;2;3984;1;2039840001;1400;1400;BENSON STREET;200;13;Van Nest-Morris Park-Westchester Square;10461;210;BX;40.84065;-73.84406
19900000;0.023;0.042;05/03/2022;2022Q2;2.02E+12;2092992;2;3982;1;2039820001;2501;2509;TRATMAN AVENUE;200;13;Van Nest-Morris Park-Westchester Square;10461;210;BX;40.839309;-73.845389
3000000;0.037;0.039;09/17/2019;2019Q3;2.02E+12;2042207;2;3996;38;2039960038;2450;2450;FULLER STREET;204;18;Westchester-Unionport;10461;210;BX;40.841803;-73.851036
10000000;0.041;0.045;06/26/2020;2020Q2;2.02E+12;2049244;2;4310;8;2043100008;1150;1150;PELHAM PARKWAY SOUTH;288;13;Pelham Parkway;10461;211;BX;40.856993;-73.855347
4440000;0.023;0.047;08/10/2020;2020Q3;2.02E+12;2045595;2;4130;39;2041300039;1802;1802;LURTING AVENUE;254;13;Van Nest-Morris Park-Westchester Square;10461;211;BX;40.849512;-73.854095
17500000;0.024;0.034;08/22/2018;2018Q3;2.02E+12;2049371;2;4317;19;2043170019;2180;2180;BRONX PARK EAST;22401;13;Pelham Parkway;10462;211;BX;40.85566;-73.869871
13000000;0.028;0.034;08/22/2018;2018Q3;2.02E+12;2049398;2;4318;30;2043180030;2197;2197;CRUGER AVENUE;22403;13;Pelham Parkway;10462;211;BX;40.856265;-73.866649
22500000;0.026;0.034;08/22/2018;2018Q3;2.02E+12;2049406;2;4319;25;2043190025;2198;2198;CRUGER AVENUE;22403;13;Pelham Parkway;10462;211;BX;40.856317;-73.866627
5700000;0.046;0.048;04/29/2021;2021Q2;2.02E+12;2053703;2;4512;5;2045120005;2714;2714;WALLACE AVENUE;340;13;Bronxdale;10467;211;BX;40.86596;-73.864435
2700000;0.027;0.037;04/01/2019;2019Q2;2.02E+12;2051555;2;4441;46;2044410046;2561;2561;BRONXWOOD AVENUE;328;13;Bronxdale;10469;211;BX;40.863994;-73.861626
5050000;0.045;0.047;11/23/2020;2020Q4;2.02E+12;2068051;2;4994;41;2049940041;4206;4206;CARPENTER AVENUE;420;11;Williamsbridge-Olinville;10466;212;BX;40.894604;-73.86009
7275000;0.04;0.046;08/05/2021;2021Q3;2.02E+12;2063149;2;4831;48;2048310048;655;655;EAST 228 STREET;408;12;Williamsbridge-Olinville;10466;212;BX;40.890504;-73.86109
2300000;0.023;0.037;06/28/2018;2018Q2;2.02E+12;2058602;2;4679;73;2046790073;864;864;EAST 221 STREET;396;12;Williamsbridge-Olinville;10467;212;BX;40.883448;-73.857232
1750000;0.041;0.044;11/17/2021;2021Q4;2.02E+12;2055898;2;4578;14;2045780014;3034;3034;HONE AVENUE;344;12;Allerton-Pelham Gardens;10469;212;BX;40.870217;-73.857575
8000000;0.031;0.042;04/28/2022;2022Q2;2.02E+12;2019289;2;3380;56;2033800056;273;273;EAST 239 STREET;44902;11;Woodlawn-Wakefield;10470;212;BX;40.900199;-73.86884
6120000;0.038;0.044;11/17/2021;2021Q4;2.02E+12;;2;3281;45;2032810045;354;354;EAST MOSHOLU PARKWAY;;;;;;BX;;
4880000;0.038;0.044;11/17/2021;2021Q4;2.02E+12;;2;3281;50;2032810050;366;366;EAST MOSHOLU PARKWAY;;;;;;BX;;
18050000;0.043;0.044;11/08/2021;2021Q4;2.02E+12;3396894;3;3044;16;3030440016;180;180;SCHOLES STREET;493;34;Bushwick South;11206;301;BK;40.708903;-73.942109
15425000;0.035;0.043;01/27/2022;2022Q1;2.02E+12;3325355;3;2893;42;3028930042;65;65;MASPETH AVENUE;477;34;East Williamsburg;11211;301;BK;40.715742;-73.940353
15750000;0.055;0.056;04/17/2020;2020Q2;2.02E+12;3398411;3;2298;29;3022980029;169;169;NORTH 10 STREET;517;33;North Side-South Side;11211;301;BK;40.719149;-73.955372
36300000;0.041;0.042;06/02/2022;2022Q2;2.02E+12;3062531;3;2371;34;3023710034;487;487;KEAP STREET;513;34;North Side-South Side;11211;301;BK;40.713398;-73.951869
7363419;0.04;0.044;12/08/2021;2021Q4;2.02E+12;3063043;3;2412;16;3024120016;360;362;SOUTH 1 STREET;513;34;North Side-South Side;11211;301;BK;40.710576;-73.952647
15500000;0.012;0.034;02/15/2019;2019Q1;2.02E+12;3063481;3;2449;16;3024490016;331;337;KEAP STREET;527;34;North Side-South Side;11211;301;BK;40.708631;-73.954903
17800000;0.03;0.044;12/15/2021;2021Q4;2.02E+12;3425148;3;2719;32;3027190032;137;139;BAYARD STREET;499;33;Greenpoint;11222;301;BK;40.719821;-73.946619
9600000;0.031;0.043;02/18/2022;2022Q1;2.02E+12;3064313;3;2533;1;3025330001;972;972;MANHATTAN AVENUE;575;33;Greenpoint;11222;301;BK;40.732431;-73.954616
14959501;0.031;0.056;07/09/2021;2021Q3;2.02E+12;3063429;3;2443;23;3024430023;364;364;BEDFORD AVENUE;549;34;North Side-South Side;11249;301;BK;40.711804;-73.963016
5950000;0.04;0.062;11/02/2020;2020Q4;2.02E+12;3001754;3;234;43;3002340043;12;14;CLARK STREET;301;33;Brooklyn Heights-Cobble Hill;11201;302;BK;40.698223;-73.995849
9250000;0.039;0.043;02/15/2022;2022Q1;2.02E+12;3389831;3;177;34;3001770034;397;397;ATLANTIC AVENUE;41;33;DUMBO-Vinegar Hill-Downtown Brooklyn-Boerum Hill;11217;302;BK;40.687087;-73.985209
2162500;0.053;0.064;02/26/2021;2021Q1;2.02E+12;3055310;3;1929;51;3019290051;211;211;LAFAYETTE AVENUE;197;35;Clinton Hill;11238;302;BK;40.687893;-73.968637
34000000;0.033;0.044;10/01/2021;2021Q4;2.02E+12;3335007;3;1948;42;3019480042;83;83;CLIFTON PLACE;231;35;Clinton Hill;11238;302;BK;40.688034;-73.960927
5150000;0.031;0.056;07/28/2021;2021Q3;2.02E+12;3056862;3;1982;67;3019820067;82;82;DOWNING STREET;231;35;Clinton Hill;11238;302;BK;40.683513;-73.960872
6100000;0.024;0.034;11/28/2018;2018Q4;2.02E+12;3052307;3;1833;48;3018330048;227;229;HANCOCK STREET;249;36;Bedford;11216;303;BK;40.682846;-73.947388
7600000;0.028;0.033;05/16/2019;2019Q2;2.02E+12;3050168;3;1794;9;3017940009;340;340;CLIFTON PLACE;251;36;Bedford;11216;303;BK;40.68918;-73.950841
2700000;0.037;0.064;08/26/2020;2020Q3;2.02E+12;3051234;3;1815;53;3018150053;385;387;MONROE STREET;265;36;Bedford;11221;303;BK;40.686404;-73.942532
7275000;0.033;0.042;04/07/2022;2022Q2;2.02E+12;3425090;3;1792;6;3017920006;766;766;LAFAYETTE AVENUE;279;36;Stuyvesant Heights;11221;303;BK;40.690933;-73.942092
6900000;0.034;0.034;12/06/2018;2018Q4;2.02E+12;3049581;3;1777;52;3017770052;879;881;DEKALB AVENUE;281;36;Stuyvesant Heights;11221;303;BK;40.692538;-73.941312
15200000;0.026;0.035;07/09/2018;2018Q3;2.02E+12;3043904;3;1617;57;3016170057;963;963;GREENE AVENUE;387;36;Stuyvesant Heights;11221;303;BK;40.690975;-73.92884
4100000;0.04;0.045;11/07/2019;2019Q4;2.02E+12;3046384;3;1664;57;3016640057;401;401;MACON STREET;275;36;Stuyvesant Heights;11233;303;BK;40.682676;-73.935836
2950000;0.033;0.042;04/28/2022;2022Q2;2.02E+12;3041036;3;1514;8;3015140008;334;334;CHAUNCEY STREET;379;41;Stuyvesant Heights;11233;303;BK;40.681592;-73.919011
5050000;0.039;0.044;10/28/2021;2021Q4;2.02E+12;3074305;3;3263;1;3032630001;1191;1191;BROADWAY;395;34;Bushwick South;11221;304;BK;40.692442;-73.927219
2280000;0.041;0.042;05/19/2022;2022Q2;2.02E+12;3083673;3;3704;31;3037040031;240;240;NEW JERSEY AVENUE;1144;37;East New York (Pennsylvania Ave);11207;305;BK;40.673827;-73.895324
5750000;0.034;0.035;07/10/2018;2018Q3;2.02E+12;3086553;3;3909;8;3039090008;1;1;ELTON STREET;117202;37;Cypress Hills-City Line;11208;305;BK;40.6836;-73.885595
4190000;0.038;0.056;07/19/2021;2021Q3;2.02E+12;3020108;3;956;1;3009560001;223;223;5 AVENUE;133;39;Park Slope-Gowanus;11215;306;BK;40.675869;-73.980817
8500000;0.063;0.064;02/17/2021;2021Q1;2.02E+12;;3;1028;66;3010280066;227;227;13 STREET;139;39;Park Slope-Gowanus;11215;306;BK;40.667498;-73.989792
5700000;0.055;0.064;02/23/2021;2021Q1;2.02E+12;3026288;3;1096;35;3010960035;558;558;11 STREET;151;39;Park Slope-Gowanus;11215;306;BK;40.664821;-73.980799
3000000;0.054;0.056;06/12/2020;2020Q2;2.02E+12;3019643;3;951;46;3009510046;70;70;7 AVENUE;159;39;Park Slope-Gowanus;11217;306;BK;40.675362;-73.974861
10275000;0.025;0.042;05/10/2022;2022Q2;2.02E+12;3396871;3;1052;44;3010520044;572;572;5 AVENUE;141;39;Park Slope-Gowanus;11215;307;BK;40.664811;-73.989969
21417000;0.027;0.033;06/28/2019;2019Q2;2.02E+12;;3;5081;1;3050810001;441;441;CATON AVENUE;500;39;Windsor Terrace;11218;307;BK;40.647679;-73.976861
74700000;0.028;0.034;10/17/2018;2018Q4;2.02E+12;3124033;3;5320;24;3053200024;23;45;CATON PLACE;504;39;Windsor Terrace;11218;307;BK;40.649171;-73.974158
3500000;0.035;0.042;05/06/2022;2022Q2;2.02E+12;3011732;3;750;34;3007500034;768;768;45 STREET;94;38;Sunset Park East;11220;307;BK;40.644396;-74.001607
3500000;0.039;0.051;01/09/2020;2020Q1;2.02E+12;3011635;3;748;57;3007480057;545;545;46 STREET;96;38;Sunset Park East;11220;307;BK;40.646737;-74.006958
3500000;0.033;0.051;01/09/2020;2020Q1;2.02E+12;3011634;3;748;55;3007480055;553;553;46 STREET;96;38;Sunset Park East;11220;307;BK;40.64666;-74.006836
3500000;0.037;0.051;01/09/2020;2020Q1;2.02E+12;3011633;3;748;53;3007480053;557;557;46 STREET;96;38;Sunset Park East;11220;307;BK;40.646624;-74.006771
4000000;0.022;0.035;09/26/2018;2018Q3;2.02E+12;3013956;3;808;25;3008080025;548;548;52 STREET;100;38;Sunset Park East;11220;307;BK;40.643325;-74.010407
6800000;0.031;0.064;02/16/2021;2021Q1;2.02E+12;3014789;3;826;5;3008260005;702;702;54 STREET;106;38;Sunset Park East;11220;307;BK;40.640114;-74.008107
5000000;0.034;0.064;02/16/2021;2021Q1;2.02E+12;3014788;3;826;2;3008260002;5413;5419;7 AVENUE;106;38;Sunset Park East;11220;307;BK;40.640067;-74.00837
2100000;0.038;0.064;08/07/2020;2020Q3;2.02E+12;3015308;3;839;1;3008390001;5623;5623;4 AVENUE;74;38;Sunset Park West;11220;307;BK;40.642932;-74.01624
3200000;0.024;0.034;03/26/2019;2019Q1;2.02E+12;3013493;3;798;17;3007980017;330;330;51 STREET;78;38;Sunset Park West;11220;307;BK;40.646624;-74.014357
8125000;0.038;0.044;12/21/2021;2021Q4;2.02E+12;3143500;3;5783;44;3057830044;579;579;61 STREET;122;38;Sunset Park West;11220;307;BK;40.637966;-74.015205
7000000;0.046;0.056;09/14/2021;2021Q3;2.02E+12;3017844;3;914;1;3009140001;601;601;40 STREET;88;38;Sunset Park East;11232;307;BK;40.649185;-74.00195
3700000;0.036;0.042;04/26/2022;2022Q2;2.02E+12;3323826;3;642;33;3006420033;168;168;21 STREET;145;38;Sunset Park West;11232;307;BK;40.662992;-73.996194
3379310;0.028;0.037;05/15/2018;2018Q2;2.02E+12;3030848;3;1223;69;3012230069;939;939;ST MARKS AVENUE;311;36;Crown Heights North;11213;308;BK;40.674688;-73.940376
3620689;0.024;0.037;05/15/2018;2018Q2;2.02E+12;3030846;3;1223;66;3012230066;947;947;ST MARKS AVENUE;311;36;Crown Heights North;11213;308;BK;40.674672;-73.940102
6025000;0.03;0.037;05/03/2018;2018Q2;2.02E+12;3031680;3;1243;68;3012430068;1043;1047;STERLING PLACE;341;36;Crown Heights North;11213;308;BK;40.672192;-73.943871
3240000;0.056;0.063;06/30/2021;2021Q2;2.02E+12;3037184;3;1386;54;3013860054;1519;1525;LINCOLN PLACE;357;36;Crown Heights North;11213;308;BK;40.669495;-73.926426
5400000;0.025;0.042;06/21/2022;2022Q2;2.02E+12;3031458;3;1239;5;3012390005;1467;1467;BEDFORD AVENUE;219;36;Crown Heights North;11216;308;BK;40.673006;-73.954217
5585336;0.056;0.064;08/31/2020;2020Q3;2.02E+12;3029995;3;1206;28;3012060028;1232;1234;PACIFIC STREET;315;36;Crown Heights North;11216;308;BK;40.677715;-73.950915
4330000;0.055;0.062;10/06/2020;2020Q4;2.02E+12;3030680;3;1219;56;3012190056;665;665;ST MARKS AVENUE;315;36;Crown Heights North;11216;308;BK;40.675272;-73.9511
8650000;0.02;0.035;09/21/2018;2018Q3;2.02E+12;3031229;3;1234;5;3012340005;808;808;PROSPECT PLACE;31701;36;Crown Heights North;11216;308;BK;40.674275;-73.949526
6400000;0.058;0.064;02/23/2021;2021Q1;2.02E+12;3028527;3;1152;78;3011520078;269;269;PROSPECT PLACE;205;35;Prospect Heights;11238;308;BK;40.677389;-73.967506
8200000;0.033;0.062;12/31/2020;2020Q4;2.02E+12;3029366;3;1173;7;3011730007;195;195;UNDERHILL AVENUE;207;35;Prospect Heights;11238;308;BK;40.674968;-73.966725
4375000;0.023;0.034;12/04/2018;2018Q4;2.02E+12;3029191;3;1166;53;3011660053;750;750;WASHINGTON AVENUE;207;35;Prospect Heights;11238;308;BK;40.675315;-73.963293
3800000;0.039;0.043;01/12/2022;2022Q1;2.02E+12;3038029;3;1412;57;3014120057;615;615;CROWN STREET;333;35;Crown Heights South;11213;309;BK;40.665602;-73.938026
7955000;0.044;0.044;12/27/2021;2021Q4;2.02E+12;3038278;3;1419;39;3014190039;776;776;CROWN STREET;355;35;Crown Heights South;11213;309;BK;40.665255;-73.932036
11450000;0.03;0.037;06/22/2018;2018Q2;2.02E+12;3038309;3;1420;20;3014200020;826;826;CROWN STREET;355;41;Crown Heights South;11213;309;BK;40.665155;-73.930176
4650000;0.036;0.044;10/07/2021;2021Q4;2.02E+12;3032902;3;1268;27;3012680027;516;516;EASTERN PARKWAY;321;35;Crown Heights South;11225;309;BK;40.669906;-73.951411
18400000;0.018;0.035;07/24/2018;2018Q3;2.02E+12;3033788;3;1287;33;3012870033;1030;1030;CARROLL STREET;325;35;Crown Heights South;11225;309;BK;40.667636;-73.957054
6100000;0.053;0.062;12/15/2020;2020Q4;2.02E+12;3034764;3;1314;50;3013140050;215;215;STERLING STREET;327;40;Prospect Lefferts Gardens-Wingate;11225;309;BK;40.662919;-73.954332
16086846;0.032;0.034;01/10/2019;2019Q1;2.02E+12;3148192;3;5927;24;3059270024;150;150;74 STREET;36;43;Bay Ridge;11209;310;BK;40.633025;-74.031215
11900000;0.029;0.056;09/30/2021;2021Q3;2.02E+12;3148655;3;5938;23;3059380023;140;140;BAY RIDGE PARKWAY;44;43;Bay Ridge;11209;310;BK;40.632451;-74.031989
3775000;0.028;0.043;02/23/2022;2022Q1;2.02E+12;3151597;3;5995;44;3059950044;8116;8124;RIDGE BOULEVARD;46;43;Bay Ridge;11209;310;BK;40.627552;-74.032347
3550000;0.03;0.056;08/18/2021;2021Q3;2.02E+12;3154696;3;6085;37;3060850037;9102;9102;3 AVENUE;58;43;Bay Ridge;11209;310;BK;40.619899;-74.032527
8025000;0.033;0.037;06/14/2018;2018Q2;2.02E+12;3155252;3;6107;25;3061070025;354;354;93 STREET;58;43;Bay Ridge;11209;310;BK;40.618148;-74.03164
7250000;0.038;0.056;09/28/2021;2021Q3;2.02E+12;3148285;3;5929;54;3059290054;353;353;BAY RIDGE PARKWAY;66;43;Bay Ridge;11209;310;BK;40.631144;-74.026379
10400000;0.027;0.044;11/22/2021;2021Q4;2.02E+12;3147280;3;5907;6;3059070006;7201;7201;RIDGE BOULEVARD;66;43;Bay Ridge;11209;310;BK;40.63405;-74.029666
2850000;0.037;0.042;05/05/2022;2022Q2;2.02E+12;3145814;3;5874;51;3058740051;6914;6914;6 AVENUE;130;43;Bay Ridge;11209;310;BK;40.632114;-74.01863
4450000;0.036;0.043;02/18/2022;2022Q1;2.02E+12;3156184;3;6138;47;3061380047;425;425;101 STREET;162;43;Bay Ridge;11209;310;BK;40.611731;-74.033687
3100000;0.036;0.037;06/20/2018;2018Q2;2.02E+12;3141643;3;5733;49;3057330049;1367;1367;63 STREET;192;38;Borough Park;11219;310;BK;40.626324;-73.998941
4000000;0.023;0.037;04/30/2018;2018Q2;2.02E+12;3141715;3;5736;65;3057360065;969;969;64 STREET;212;38;Dyker Heights;11219;310;BK;40.630957;-74.008117
5200000;0.043;0.044;10/07/2021;2021Q4;2.02E+12;3142359;3;5757;35;3057570035;6623;6623;FT HAMILTON PARKWAY;210;43;Dyker Heights;11219;310;BK;40.629963;-74.01021
3750000;0.048;0.063;04/28/2021;2021Q2;2.02E+12;3144313;3;5840;13;3058400013;6647;6647;BERGEN PLACE;30;43;Bay Ridge;11220;310;BK;40.639542;-74.028058
4600000;0.034;0.043;01/10/2022;2022Q1;2.02E+12;3145076;3;5861;57;3058610057;6830;6830;RIDGE BOULEVARD;30;43;Bay Ridge;11220;310;BK;40.637135;-74.028428
4580000;0.026;0.056;06/11/2020;2020Q2;2.02E+12;3145198;3;5863;14;3058630014;316;316;68 STREET;68;43;Bay Ridge;11220;310;BK;40.636156;-74.025091
5485000;0.052;0.056;06/09/2020;2020Q2;2.02E+12;3144511;3;5851;40;3058510040;484;484;67 STREET;126;43;Bay Ridge;11220;310;BK;40.635734;-74.020451
8150000;0.062;0.064;03/01/2021;2021Q1;2.02E+12;3175334;3;6621;1;3066210001;106;106;AVENUE P;428;44;Bensonhurst East;11204;311;BK;40.607568;-73.984262
6250000;0.027;0.042;06/16/2022;2022Q2;2.02E+12;3172477;3;6559;1;3065590001;2301;2301;65 STREET;436;44;Bensonhurst East;11204;311;BK;40.612436;-73.979088
6100000;0.029;0.035;08/28/2018;2018Q3;2.02E+12;3172183;3;6552;8;3065520008;6301;6301;BAY PARKWAY;436;44;Bensonhurst East;11204;311;BK;40.614918;-73.980298
7769797;0.035;0.044;12/08/2021;2021Q4;2.02E+12;3174693;3;6607;66;3066070066;1529;1529;DAHILL ROAD;438;44;Ocean Parkway South;11204;311;BK;40.61033;-73.974335
5366497;0.036;0.044;12/08/2021;2021Q4;2.02E+12;3173478;3;6582;68;3065820068;1479;1479;DAHILL ROAD;440;44;Ocean Parkway South;11204;311;BK;40.611958;-73.974637
3290000;0.036;0.037;06/14/2018;2018Q2;2.02E+12;3165145;3;6326;89;3063260089;1751;1751;85 STREET;178;43;Bath Beach;11214;311;BK;40.608373;-74.002852
6000000;0.029;0.034;12/04/2018;2018Q4;2.02E+12;3161606;3;6251;47;3062510047;2073;2073;78 STREET;272;47;Bensonhurst West;11214;311;BK;40.608247;-73.992091
8000000;0.033;0.034;02/12/2019;2019Q1;2.02E+12;;3;6238;39;3062380039;7624;7624;19 AVENUE;274;47;Bensonhurst West;11214;311;BK;40.611395;-73.994792
20000000;0.054;0.064;07/23/2020;2020Q3;2.02E+12;3166996;3;6378;19;3063780019;8635;8635;21 AVENUE;290;47;Bensonhurst West;11214;311;BK;40.602524;-73.996827
7225000;0.027;0.033;09/12/2019;2019Q3;2.02E+12;3167050;3;6380;1;3063800001;8678;8678;BAY PARKWAY;290;47;Bensonhurst West;11214;311;BK;40.600581;-73.995243
28028095;0.032;0.034;01/10/2019;2019Q1;2.02E+12;3176990;3;6654;1;3066540001;1701;1701;WEST 3 STREET;412;44;Bensonhurst East;11223;311;BK;40.606007;-73.976382
2800000;0.039;0.042;06/01/2022;2022Q2;2.02E+12;3126170;3;5374;57;3053740057;555;559;EAST 5 STREET;488;39;Kensington-Ocean Parkway;11218;312;BK;40.638947;-73.974659
10650000;0.023;0.037;04/26/2018;2018Q2;2.02E+12;3126223;3;5375;72;3053750072;377;377;OCEAN PARKWAY;490;39;Kensington-Ocean Parkway;11218;312;BK;40.639743;-73.973408
7925000;0.03;0.043;01/13/2022;2022Q1;2.02E+12;3125542;3;5359;49;3053590049;701;713;AVENUE C;494;40;Kensington-Ocean Parkway;11218;312;BK;40.64109;-73.972111
2800000;0.05;0.063;04/27/2021;2021Q2;2.02E+12;3125540;3;5359;43;3053590043;352;360;EAST 8 STREET;494;40;Kensington-Ocean Parkway;11218;312;BK;40.641628;-73.971289
18300000;0.032;0.035;08/28/2018;2018Q3;2.02E+12;3124302;3;5328;23;3053280023;134;146;OCEAN PARKWAY;500;39;Windsor Terrace;11218;312;BK;40.647116;-73.975124
8048000;0.025;0.034;11/29/2018;2018Q4;2.02E+12;3137062;3;5625;5;3056250005;902;902;47 STREET;114;38;Borough Park;11219;312;BK;40.641242;-73.999402
9475000;0.024;0.034;11/29/2018;2018Q4;2.02E+12;3137063;3;5625;8;3056250008;914;914;47 STREET;114;38;Borough Park;11219;312;BK;40.641127;-73.999214
6020000;0.024;0.034;11/29/2018;2018Q4;2.02E+12;3137064;3;5625;11;3056250011;926;932;47 STREET;114;38;Borough Park;11219;312;BK;40.641014;-73.999027
8623000;0.029;0.034;11/29/2018;2018Q4;2.02E+12;3137932;3;5646;6;3056460006;5001;5009;10 AVENUE;114;44;Borough Park;11219;312;BK;40.638365;-73.999384
10752000;0.03;0.034;11/29/2018;2018Q4;2.02E+12;3137933;3;5646;13;3056460013;1016;1016;50 STREET;114;44;Borough Park;11219;312;BK;40.63814;-73.9988
15000000;0.034;0.035;09/04/2018;2018Q3;2.02E+12;3139816;3;5685;41;3056850041;5512;5520;15 AVENUE;240;44;Borough Park;11219;312;BK;40.628879;-73.991354
4791000;0.023;0.034;11/29/2018;2018Q4;2.02E+12;3136585;3;5613;44;3056130044;983;983;46 STREET;112;38;Sunset Park East;11219;312;BK;40.641055;-73.99755
17991000;0.025;0.034;11/29/2018;2018Q4;2.02E+12;3137539;3;5637;32;3056370032;864;864;49 STREET;108;38;Sunset Park East;11220;312;BK;40.640863;-74.001794
16000000;0.03;0.035;08/01/2018;2018Q3;2.02E+12;3171268;3;6531;6;3065310006;1014;1014;AVENUE J;456;44;Midwood;11230;312;BK;40.624675;-73.965918
2425000;0.024;0.034;02/08/2019;2019Q1;2.02E+12;3174034;3;6592;43;3065920043;1820;1820;CONEY ISLAND AVENUE;442;44;Ocean Parkway South;11230;312;BK;40.613264;-73.963006
6000000;0.041;0.063;06/18/2021;2021Q2;2.02E+12;3011044;3;733;1;3007330001;4317;4323;8 AVENUE;92;38;Sunset Park East;11232;312;BK;40.64489;-73.999784
4150000;0.02;0.042;06/07/2022;2022Q2;2.02E+12;3205715;3;7548;43;3075480043;2004;2004;GLENWOOD ROAD;766;45;Flatbush;11210;314;BK;40.632909;-73.957562
19300000;0.031;0.043;03/24/2022;2022Q1;2.02E+12;3206443;3;7577;25;3075770025;3101;3101;AURELIA COURT;774;45;Flatbush;11210;314;BK;40.629968;-73.946313
2300000;0.056;0.063;06/15/2021;2021Q2;2.02E+12;3121696;3;5251;52;3052510052;650;650;EAST 29 STREET;786;45;Flatbush;11210;314;BK;40.635052;-73.948889
15846742;0.029;0.034;01/10/2019;2019Q1;2.02E+12;3210674;3;7674;47;3076740047;2016;2026;AVENUE N;546;48;Midwood;11210;314;BK;40.61623;-73.953949
5900000;0.032;0.033;07/31/2019;2019Q3;2.02E+12;3117600;3;5122;37;3051220037;1815;1815;BEVERLEY ROAD;512;40;Flatbush;11226;314;BK;40.644653;-73.961926
8400000;0.03;0.033;07/31/2019;2019Q3;2.02E+12;3120569;3;5219;1;3052190001;1900;1900;NEWKIRK AVENUE;518;40;Flatbush;11226;314;BK;40.637296;-73.959624
14750000;0.033;0.044;12/15/2021;2021Q4;2.02E+12;3116551;3;5081;15;3050810015;100;100;EAST 21 STREET;50801;40;Flatbush;11226;314;BK;40.651819;-73.960293
8587220;0.033;0.037;06/14/2018;2018Q2;2.02E+12;3116159;3;5063;23;3050630023;21;21;EAST 21 STREET;50803;40;Flatbush;11226;314;BK;40.653812;-73.960648
10262870;0.027;0.037;06/14/2018;2018Q2;2.02E+12;3116157;3;5063;17;3050630017;31;31;EAST 21 STREET;50803;40;Flatbush;11226;314;BK;40.653633;-73.960616
13833000;0.025;0.033;06/28/2019;2019Q2;2.02E+12;3116117;3;5060;43;3050600043;1745;1745;CATON AVENUE;50804;40;Flatbush;11226;314;BK;40.6514;-73.963374
12850000;0.023;0.034;11/15/2018;2018Q4;2.02E+12;3116090;3;5058;62;3050580062;11;11;CROOKE AVENUE;50804;40;Flatbush;11226;314;BK;40.651944;-73.964751
13850000;0.016;0.034;11/15/2018;2018Q4;2.02E+12;3115914;3;5053;26;3050530026;111;111;WOODRUFF AVENUE;50804;40;Flatbush;11226;314;BK;40.653801;-73.962472
4302778;0.027;0.033;06/04/2019;2019Q2;2.02E+12;3120585;3;5220;47;3052200047;650;650;EAST 21 STREET;51601;40;Flatbush;11226;314;BK;40.637864;-73.957649
8800000;0.035;0.043;03/24/2022;2022Q1;2.02E+12;3119499;3;5184;31;3051840031;550;556;EAST 21 STREET;51602;40;Flatbush;11226;314;BK;40.640716;-73.958192
8500000;0.033;0.035;07/02/2018;2018Q3;2.02E+12;3116715;3;5086;50;3050860050;2150;2150;BEDFORD AVENUE;79602;40;Prospect Lefferts Gardens-Wingate;11226;314;BK;40.651774;-73.955961
6750000;0.055;0.056;08/02/2021;2021Q3;2.02E+12;3116707;3;5086;22;3050860022;30;30;LINDEN BOULEVARD;79602;40;Prospect Lefferts Gardens-Wingate;11226;314;BK;40.652202;-73.957946
8375000;0.042;0.056;09/03/2021;2021Q3;2.02E+12;3127729;3;5417;7;3054170007;629;629;OCEAN PARKWAY;482;40;Flatbush;11230;314;BK;40.632988;-73.972129
8375000;0.042;0.056;09/03/2021;2021Q3;2.02E+12;3127729;3;5417;7;3054170007;629;629;OCEAN PARKWAY;482;40;Flatbush;11230;314;BK;40.632988;-73.972129
4380000;0.031;0.034;10/11/2018;2018Q4;2.02E+12;3127745;3;5417;53;3054170053;287;287;WEBSTER AVENUE;482;40;Flatbush;11230;314;BK;40.633009;-73.970475
7400000;0.032;0.035;08/30/2018;2018Q3;2.02E+12;3121114;3;5234;16;3052340016;608;608;RUGBY ROAD;520;40;Flatbush;11230;314;BK;40.634608;-73.964133
8150000;0.032;0.043;03/08/2022;2022Q1;2.02E+12;3205712;3;7548;29;3075480029;1245;1245;OCEAN AVENUE;766;45;Flatbush;11230;314;BK;40.63183;-73.957534
3575127;0.039;0.044;12/08/2021;2021Q4;2.02E+12;3179614;3;6707;40;3067070040;984;984;EAST 15 STREET;530;44;Midwood;11230;314;BK;40.625777;-73.961519
9300000;0.034;0.034;11/01/2018;2018Q4;2.02E+12;3179994;3;6716;75;3067160075;1025;1033;EAST 14 STREET;534;44;Midwood;11230;314;BK;40.624311;-73.962164
18000000;0.031;0.033;07/18/2019;2019Q3;2.02E+12;3170520;3;6511;1;3065110001;800;800;AVENUE H;456;45;Midwood;11230;314;BK;40.62924;-73.96879
17767559;0.029;0.034;01/10/2019;2019Q1;2.02E+12;3170547;3;6512;1;3065120001;900;900;AVENUE H;456;45;Midwood;11230;314;BK;40.629342;-73.967861
2350000;0.043;0.056;09/30/2021;2021Q3;2.02E+12;3179169;3;6695;12;3066950012;816;816;EAST 12 STREET;530;45;Midwood;11230;314;BK;40.629267;-73.965015
3150000;0.027;0.045;10/16/2019;2019Q4;2.02E+12;3179389;3;6700;18;3067000018;862;862;EAST 17 STREET;532;45;Midwood;11230;314;BK;40.629713;-73.960328
10200000;0.055;0.063;06/23/2021;2021Q2;2.02E+12;3181717;3;6759;26;3067590026;1550;1550;EAST 13 STREET;542;48;Midwood;11230;314;BK;40.611495;-73.960695
18007663;0.026;0.034;01/10/2019;2019Q1;2.02E+12;3181781;3;6760;62;3067600062;1561;1561;EAST 13 STREET;542;48;Midwood;11230;314;BK;40.611279;-73.960634
7000000;0.036;0.042;06/09/2022;2022Q2;2.02E+12;3181263;3;6751;12;3067510012;1414;1414;EAST 14 STREET;542;48;Midwood;11230;314;BK;40.614858;-73.960398
5200000;0.027;0.034;01/10/2019;2019Q1;2.02E+12;3182099;3;6767;74;3067670074;2031;2031;OCEAN AVENUE;546;48;Midwood;11230;314;BK;40.612377;-73.953858
3500000;0.037;0.062;11/16/2020;2020Q4;2.02E+12;3183991;3;6820;75;3068200075;1829;1829;EAST 14 STREET;556;48;Homecrest;11229;315;BK;40.604885;-73.958484
2600000;0.022;0.033;06/13/2019;2019Q2;2.02E+12;3199459;3;7345;41;3073450041;1247;1247;AVENUE V;582;48;Homecrest;11229;315;BK;40.596448;-73.958478
5200000;0.025;0.034;01/10/2019;2019Q1;2.02E+12;3183217;3;6803;65;3068030065;2233;2233;OCEAN AVENUE;550;48;Madison;11229;315;BK;40.607329;-73.9529
27700000;0.028;0.035;08/28/2018;2018Q3;2.02E+12;3183160;3;6801;56;3068010056;1775;1775;EAST 18 STREET;552;48;Madison;11229;315;BK;40.606932;-73.955015
15000000;0.028;0.035;08/29/2018;2018Q3;2.02E+12;3182257;3;6773;12;3067730012;2626;2626;KINGS HIGHWAY;642;48;Madison;11229;315;BK;40.613983;-73.947756
8800000;0.028;0.037;05/15/2018;2018Q2;2.02E+12;3246948;3;8765;27;3087650027;2742;2742;EAST 13 STREET;608;48;Sheepshead Bay-Gerritsen Beach-Manhattan Beach;11235;315;BK;40.584559;-73.955609
3900000;0.035;0.037;06/27/2018;2018Q2;2.02E+12;3039507;3;1473;51;3014730051;1671;1671;LINCOLN PLACE;361;41;Ocean Hill;11233;316;BK;40.669223;-73.921408
4725000;0.042;0.056;07/01/2021;2021Q3;2.02E+12;3108817;3;4874;32;3048740032;3715;3723;CHURCH AVENUE;816;41;East Flatbush-Farragut;11203;317;BK;40.651131;-73.942591
4825000;0.048;0.051;02/13/2020;2020Q1;2.02E+12;3112396;3;4968;25;3049680025;3405;3405;NEWKIRK AVENUE;830;45;East Flatbush-Farragut;11203;317;BK;40.640246;-73.944384
4050000;0.035;0.044;11/22/2021;2021Q4;2.02E+12;3102767;3;4695;31;3046950031;472;482;EAST 48 STREET;860;45;East Flatbush-Farragut;11203;317;BK;40.650425;-73.932202
4825000;0.031;0.037;06/21/2018;2018Q2;2.02E+12;3102215;3;4678;26;3046780026;290;290;EAST 53 STREET;868;41;Rugby-Remsen Village;11203;317;BK;40.652879;-73.927587
3900000;0.029;0.037;05/17/2018;2018Q2;2.02E+12;3104010;3;4727;16;3047270016;290;294;EAST 56 STREET;938;45;Rugby-Remsen Village;11203;317;BK;40.649918;-73.924372
8925000;0.028;0.044;12/23/2021;2021Q4;2.02E+12;3205963;3;7560;34;3075600034;715;715;EAST 32 STREET;786;45;Flatbush;11210;317;BK;40.633533;-73.945795
7210000;0.032;0.035;07/02/2018;2018Q3;2.02E+12;3100381;3;4626;6;3046260006;202;214;EAST 91 STREET;866;41;Rugby-Remsen Village;11212;317;BK;40.659564;-73.926199
6487500;0.031;0.033;05/15/2019;2019Q2;2.02E+12;3119966;3;5194;1;3051940001;2802;2812;CLARENDON ROAD;828;45;Erasmus;11226;317;BK;40.643128;-73.950511
3500000;0.026;0.042;04/28/2022;2022Q2;2.02E+12;3116696;3;5085;96;3050850096;167;167;LINDEN BOULEVARD;820;40;Prospect Lefferts Gardens-Wingate;11226;317;BK;40.652524;-73.952133
14400000;0.021;0.037;06/13/2018;2018Q2;2.02E+12;3116228;3;5065;30;3050650030;140;140;CLARKSON AVENUE;822;40;Prospect Lefferts Gardens-Wingate;11226;317;BK;40.655119;-73.955004
2500000;0.049;0.051;01/15/2020;2020Q1;2.02E+12;3116248;3;5065;80;3050650080;177;177;LENOX ROAD;822;40;Prospect Lefferts Gardens-Wingate;11226;317;BK;40.653925;-73.953855
6050000;0.035;0.044;12/29/2021;2021Q4;2.02E+12;3116244;3;5065;65;3050650065;690;690;ROGERS AVENUE;822;40;Prospect Lefferts Gardens-Wingate;11226;317;BK;40.654594;-73.952903
6075000;0.025;0.033;04/02/2019;2019Q2;2.02E+12;3217001;3;7810;19;3078100019;3801;3801;AVENUE L;738;45;Flatlands;11210;318;BK;40.622855;-73.938235
2800000;0.025;0.034;03/06/2019;2019Q1;2.02E+12;3320974;3;7612;32;3076120032;2405;2405;NOSTRAND AVENUE;742;45;Flatlands;11210;318;BK;40.625919;-73.946702
3310000;0.027;0.046;02/11/2020;2020Q1;2.02E+12;4010928;4;674;18;4006740018;41-16;41-16;34 AVENUE;159;26;Astoria;11101;401;QN;40.756195;-73.919855
2800000;0.032;0.033;12/21/2018;2018Q4;2.02E+12;4010955;4;675;1;4006750001;34-47;34-47;42 STREET;159;26;Astoria;11101;401;QN;40.755185;-73.91986
5815000;0.033;0.044;01/07/2022;2022Q1;2.02E+12;4007842;4;598;64;4005980064;28-abr;28-abr;31 STREET;71;22;Old Astoria;11102;401;QN;40.76833;-73.920096
5560000;0.031;0.031;05/24/2018;2018Q2;2.02E+12;4007670;4;594;31;4005940031;29-dic;29-dic;NEWTOWN AVENUE;71;22;Old Astoria;11102;401;QN;40.76902;-73.921984
5700000;0.04;0.043;12/13/2021;2021Q4;2.02E+12;4011437;4;685;5;4006850005;41-07;41-07;28 AVENUE;143;22;Astoria;11103;401;QN;40.765039;-73.912743
5100000;0.027;0.033;11/01/2018;2018Q4;2.02E+12;4012611;4;713;47;4007130047;30-63;30-63;44 STREET;151;22;Astoria;11103;401;QN;40.760747;-73.913128
25000000;0.02;0.032;01/22/2019;2019Q1;2.02E+12;4009162;4;628;12;4006280012;28-15;28-15;34 STREET;6501;22;Astoria;11103;401;QN;40.767101;-73.917889
3200000;0.042;0.044;05/12/2022;2022Q2;2.02E+12;4010191;4;653;53;4006530053;24-40;24-40;38 STREET;6502;22;Astoria;11103;401;QN;40.76853;-73.912342
4625000;0.026;0.043;12/30/2021;2021Q4;2.02E+12;4011026;4;676;67;4006760067;32-38;32-38;41 STREET;157;26;Astoria;11103;401;QN;40.757657;-73.918976
11600000;0.034;0.044;01/27/2022;2022Q1;2.02E+12;4020107;4;890;91;4008900091;23-jun;23-jun;21 STREET;97;22;Steinway;11105;401;QN;40.778518;-73.91921
2500000;0.03;0.044;06/15/2022;2022Q2;2.02E+12;4018301;4;857;29;4008570029;21-nov;21-nov;27 STREET;103;22;Steinway;11105;401;QN;40.779168;-73.911392
3150000;0.04;0.043;11/04/2021;2021Q4;2.02E+12;4017734;4;847;16;4008470016;21-45;21-45;28 STREET;113;22;Steinway;11105;401;QN;40.778226;-73.911256
4650000;0.037;0.044;06/28/2022;2022Q2;2.02E+12;4008865;4;622;80;4006220080;34-11;34-11;34 AVENUE;59;22;Astoria;11106;401;QN;40.758474;-73.924671
4200000;0.043;0.043;12/13/2021;2021Q4;2.02E+12;4007495;4;588;57;4005880057;31-40;31-40;30 STREET;75;22;Astoria;11106;401;QN;40.763714;-73.925091
6300000;0.018;0.031;04/26/2018;2018Q2;2.02E+12;4053015;4;2289;20;4022890020;48-11;48-11;45 STREET;18501;26;Hunters Point-Sunnyside-West Maspeth;11377;402;QN;40.738997;-73.920467
4850000;0.04;0.046;02/06/2020;2020Q1;2.02E+12;4028378;4;1231;45;4012310045;39-26;39-26;62 STREET;261;26;Woodside;11377;402;QN;40.746308;-73.901876
6275000;0.035;0.039;04/16/2019;2019Q2;2.02E+12;4028396;4;1232;75;4012320075;39-02;39-06;63 STREET;261;26;Woodside;11377;402;QN;40.746524;-73.900797
2794000;0.037;0.048;06/30/2021;2021Q2;2.02E+12;4044857;4;1780;95;4017800095;108-06;108-06;39 AVENUE;401;21;North Corona;11368;403;QN;40.751679;-73.858647
4800000;0.047;0.05;02/12/2021;2021Q1;2.02E+12;4040480;4;1616;24;4016160024;99-42;99-42;41 AVENUE;407;21;North Corona;11368;404;QN;40.747981;-73.865224
4900000;0.026;0.031;04/13/2018;2018Q2;2.02E+12;4039370;4;1576;1;4015760001;43-05;43-05;FORLEY STREET;463;25;Elmhurst;11373;404;QN;40.744447;-73.873524
36000000;0.024;0.031;06/21/2018;2018Q2;2.02E+12;4039157;4;1566;21;4015660021;41-40;41-40;DENMAN STREET;467;25;Elmhurst;11373;404;QN;40.746138;-73.873719
2125000;0.041;0.05;03/15/2021;2021Q1;2.02E+12;4091467;4;3774;27;4037740027;67-28;67-28;78 STREET;619;30;Middle Village;11379;405;QN;40.712272;-73.875432
3900000;0.036;0.039;06/04/2019;2019Q2;2.02E+12;4082598;4;3457;6;4034570006;1702;1702;WOODBINE STREET;549;34;Ridgewood;11385;405;QN;40.701426;-73.907904
5050000;0.015;0.044;03/01/2022;2022Q1;2.02E+12;4082584;4;3456;41;4034560041;1725;1725;WOODBINE STREET;549;34;Ridgewood;11385;405;QN;40.701612;-73.907741
15000000;0.041;0.044;02/01/2022;2022Q1;2.02E+12;4071943;4;3075;23;4030750023;92-40;92-40;QUEENS BOULEVARD;687;29;Rego Park;11374;406;QN;40.732336;-73.867575
12600000;0.05;0.055;12/28/2020;2020Q4;2.02E+12;4072063;4;3079;86;4030790086;62-82;62-82;SAUNDERS STREET;687;29;Rego Park;11374;406;QN;40.730355;-73.865779
26500000;0.055;0.055;06/24/2020;2020Q2;2.02E+12;4051285;4;2139;1;4021390001;105-05;105-05;69 AVENUE;71303;29;Forest Hills;11375;406;QN;40.724078;-73.848525
3175000;0.034;0.05;03/17/2021;2021Q1;2.02E+12;4121511;4;5385;7;4053850007;42-41;42-41;155 STREET;1187;20;East Flushing;11355;407;QN;40.76064;-73.810532
3175000;0.032;0.05;03/17/2021;2021Q1;2.02E+12;4121510;4;5385;3;4053850003;42-45;42-45;155 STREET;1187;20;East Flushing;11355;407;QN;40.760593;-73.810539
40400000;0.026;0.031;06/21/2018;2018Q2;2.02E+12;4114214;4;5040;27;4050400027;132-57;132-57;SANFORD AVENUE;849;20;Flushing;11355;407;QN;40.755238;-73.831858
13300000;0.029;0.031;05/21/2018;2018Q2;2.02E+12;4114654;4;5046;37;4050460037;142-27;142-27;BARCLAY AVENUE;855;20;Flushing;11355;407;QN;40.758689;-73.824897
8650000;0.048;0.048;06/30/2021;2021Q2;2.02E+12;4117057;4;5182;39;4051820039;140-71;140-71;ASH AVENUE;857;20;Flushing;11355;407;QN;40.756036;-73.822193
42500000;0.029;0.039;05/31/2019;2019Q2;2.02E+12;4443486;4;5185;17;4051850017;140-30;140-50;ASH AVENUE;859;20;Flushing;11355;407;QN;40.755568;-73.822887
37500000;0.039;0.039;05/31/2019;2019Q2;2.02E+12;4117154;4;5186;29;4051860029;140-60;140-60;BEECH AVENUE;859;20;Flushing;11355;407;QN;40.754651;-73.822958
7400000;0.024;0.032;02/19/2019;2019Q1;2.02E+12;4443524;4;5331;24;4053310024;41-04;41-08;159 STREET;1171;20;Murray Hill;11358;407;QN;40.761773;-73.806641
3500000;0.032;0.041;11/13/2019;2019Q4;2.02E+12;4120371;4;5331;8;4053310008;158-03;158-03;SANFORD AVENUE;1171;20;Murray Hill;11358;407;QN;40.76094;-73.807524
22250000;0.045;0.055;07/23/2020;2020Q3;2.02E+12;4209099;4;9773;5;4097730005;162-15;162-15;HIGHLAND AVENUE;448;24;Briarwood-Jamaica Hills;11432;408;QN;40.709895;-73.80088
16263095;0.032;0.032;01/10/2019;2019Q1;2.02E+12;4210598;4;9845;1;4098450001;175-27;175-27;87 DRIVE;466;24;Jamaica Estates-Holliswood;11432;408;QN;40.712788;-73.78733
2650000;0.039;0.048;05/04/2021;2021Q2;2.02E+12;4192939;4;9236;38;4092360038;84-43;84-43;120 STREET;140;29;Kew Gardens;11415;409;QN;40.703587;-73.831479
2400000;0.039;0.039;05/20/2019;2019Q2;2.02E+12;4451972;4;9020;5;4090200005;86-08;86-08;ATLANTIC AVENUE;34;32;Woodhaven;11416;409;QN;40.686248;-73.855505
4000000;0.024;0.044;06/22/2022;2022Q2;2.02E+12;4191606;4;9185;48;4091850048;102-05;102-05;86 AVENUE;24;32;Richmond Hill;11418;409;QN;40.696292;-73.845537
5845000;0.039;0.046;02/27/2020;2020Q1;2.02E+12;4451778;4;9436;8;4094360008;118-22;118-22;ATLANTIC AVENUE;120;28;Richmond Hill;11419;409;QN;40.693891;-73.828597
2000000;0.043;0.044;01/28/2022;2022Q1;2.02E+12;4182492;4;8885;1;4088850001;85-31;85-31;WOODHAVEN BOULEVARD;22;32;Woodhaven;11421;409;QN;40.696013;-73.852793
6100000;0.041;0.048;05/05/2021;2021Q2;2.02E+12;4202006;4;9523;51;4095230051;104-35;104-35;102 STREET;94;32;South Ozone Park;11417;410;QN;40.681169;-73.838505
6950000;0.03;0.043;09/03/2021;2021Q3;2.02E+12;4455120;4;5309;3;4053090003;36-03;36-07;191 STREET;1139;19;Auburndale;11358;411;QN;40.763346;-73.791074
4800000;0.017;0.031;04/30/2018;2018Q2;2.02E+12;4137639;4;6242;30;4062420030;39-30;39-30;214 PLACE;1123;19;Bayside-Bayside Hills;11361;411;QN;40.765254;-73.769856
6550000;0.023;0.044;01/13/2022;2022Q1;2.02E+12;4137074;4;6204;14;4062040014;40-45;40-45;201 STREET;1463;19;Bayside-Bayside Hills;11361;411;QN;40.760878;-73.783736
10208334;0.028;0.031;06/26/2018;2018Q2;2.02E+12;4222673;4;10475;350;4104750350;201-11;201-11;JAMAICA AVENUE;484;23;Hollis;11423;412;QN;40.713505;-73.758005
9041666;0.019;0.031;06/26/2018;2018Q2;2.02E+12;4222698;4;10476;7;4104760007;202-05;202-05;JAMAICA AVENUE;484;23;Hollis;11423;412;QN;40.713505;-73.757002
4459459;0.039;0.039;05/23/2019;2019Q2;2.02E+12;4220679;4;10361;50;4103610050;102-04;102-04;184 STREET;404;27;St. Albans;11423;412;QN;40.706979;-73.773393
4831081;0.039;0.039;05/23/2019;2019Q2;2.02E+12;4448446;4;10362;1;4103620001;102-31;102-31;184 STREET;404;27;St. Albans;11423;412;QN;40.706954;-73.773365
3605000;0.035;0.043;10/07/2021;2021Q4;2.02E+12;4209762;4;9804;48;4098040048;90-16;90-16;171 STREET;462;27;Jamaica;11432;412;QN;40.708645;-73.789395
2250000;0.037;0.043;08/18/2021;2021Q3;2.02E+12;4206812;4;9678;107;4096780107;90-39;90-39;148 STREET;240;24;Jamaica;11435;412;QN;40.702324;-73.80703
5020000;0.029;0.043;10/07/2021;2021Q4;2.02E+12;4239278;4;11104;83;4111040083;106-15;106-15;217 STREET;540;27;Queens Village;11429;413;QN;40.711283;-73.740966
4000000;0.031;0.041;11/06/2019;2019Q4;2.02E+12;;4;15805;20;4158050020;205;205;BEACH 29 STREET;99802;31;Far Rockaway-Bayswater;11691;414;QN;40.59505;-73.76197
5340000;0.049;0.055;12/14/2020;2020Q4;2.02E+12;4298336;4;15567;14;4155670014;18-15;18-15;EVERDELL AVENUE;101001;31;Far Rockaway-Bayswater;11691;414;QN;40.600854;-73.750829
12035000;0.042;0.055;12/14/2020;2020Q4;2.02E+12;4299581;4;15663;9;4156630009;22-88;22-88;MOTT AVENUE;103201;31;Far Rockaway-Bayswater;11691;414;QN;40.605953;-73.758355
19100000;0.03;0.033;08/15/2018;2018Q3;2.02E+12;4300850;4;15744;7;4157440007;29-32;29-32;BEACH CHANNEL DRIVE;992;31;Hammels-Arverne-Edgemere;11691;414;QN;40.599573;-73.764215
7000000;0.043;0.055;09/16/2020;2020Q3;2.02E+12;4304877;4;16229;41;4162290041;131;131;BEACH 119 STREET;93402;32;Breezy Point-Belle Harbor-Rockaway Park-Broad Channel;11694;414;QN;40.577727;-73.839054
14500000;0.038;0.041;12/20/2019;2019Q4;2.02E+12;4304979;4;16232;45;4162320045;122-20;122-20;OCEAN PROMENADE;93402;32;Breezy Point-Belle Harbor-Rockaway Park-Broad Channel;11694;414;QN;40.575812;-73.841172
14800000;0.048;0.05;01/05/2021;2021Q1;2.02E+12;;4;515;31;4005150031;2022-12-26T00:00:00.000;2022-12-26T00:00:00.000;30 AVENUE;;;;;;QN;;
4750000;0.026;0.031;06/20/2018;2018Q2;2.02E+12;;4;324;1;4003240001;2022-09-03T00:00:00.000;2022-09-03T00:00:00.000;35 AVENUE;;;;;;QN;;
5168000;0.035;0.055;12/14/2020;2020Q4;2.02E+12;;4;15544;10;4155440010;2022-11-27T00:00:00.000;2022-11-27T00:00:00.000;NAMEOKE STREET;;;;;;QN;;
2800000;0.044;0.076;04/21/2021;2021Q2;2.02E+12;5014724;5;574;58;5005740058;45;45;AVON PLACE;17;49;Stapleton-Rosebank;10301;501;SI;40.634902;-74.082788
950000;0.068;0.069;09/30/2021;2021Q3;2.02E+12;5000129;5;14;96;5000140096;250;252;RICHMOND TERRACE;7;49;West New Brighton-New Brighton-St. George;10301;501;SI;40.647441;-74.081402
3675000;0.046;0.047;03/27/2019;2019Q1;2.02E+12;5164856;5;17;74;5000170074;30;30;MONTGOMERY AVENUE;11;49;West New Brighton-New Brighton-St. George;10301;501;SI;40.640883;-74.078587
1400000;0.041;0.054;06/29/2022;2022Q2;2.02E+12;5023728;5;1005;19;5010050019;90;90;PARK AVENUE;207;49;Port Richmond;10302;501;SI;40.638186;-74.131769
0;1;2;3;4;5;6;7;8;9;10;11;12;13;14;15;16;17;18;19;20;21
